INSERT INTO Demons (demon_id,race,lvl,name,ag,dx,hp,lu,ma,mp,st) VALUES(1,'Tyrant',63,'Abaddon',63,60,605,73,43,184,96); INSERT INTO Affinities (demon_id,ailment,almighty,auxilary,dark,elec,fire,theforce,gun,ice,light,phys,recovery) VALUES(1,2,0,2,0,-3,1,0,0,0,0,3,0); INSERT INTO Resistances (demon_id,dark,elec,fire,theforce,gun,ice,light,phys) VALUES(1,'-','weak','repel','-','-','-','-','-'); 
INSERT INTO Demons (demon_id,race,lvl,name,ag,dx,hp,lu,ma,mp,st) VALUES(2,'Fallen',68,'Adramelech',67,60,592,82,113,386,86); INSERT INTO Affinities (demon_id,ailment,almighty,auxilary,dark,elec,fire,theforce,gun,ice,light,phys,recovery) VALUES(2,0,0,0,0,0,6,0,0,-5,0,1,0); INSERT INTO Resistances (demon_id,dark,elec,fire,theforce,gun,ice,light,phys) VALUES(2,'resist','-','absorb','-','-','weak','-','-'); 
INSERT INTO Demons (demon_id,race,lvl,name,ag,dx,hp,lu,ma,mp,st) VALUES(3,'Element',12,'Aeros',28,22,150,21,15,86,17); INSERT INTO Affinities (demon_id,ailment,almighty,auxilary,dark,elec,fire,theforce,gun,ice,light,phys,recovery) VALUES(3,1,0,0,0,-4,0,3,0,0,0,0,0); INSERT INTO Resistances (demon_id,dark,elec,fire,theforce,gun,ice,light,phys) VALUES(3,'-','weak','-','resist','-','-','-','-'); 
INSERT INTO Demons (demon_id,race,lvl,name,ag,dx,hp,lu,ma,mp,st) VALUES(4,'Yoma',12,'Agathion',17,19,118,20,22,101,12); INSERT INTO Affinities (demon_id,ailment,almighty,auxilary,dark,elec,fire,theforce,gun,ice,light,phys,recovery) VALUES(4,2,0,-1,0,2,0,0,-4,-3,0,0,0); INSERT INTO Resistances (demon_id,dark,elec,fire,theforce,gun,ice,light,phys) VALUES(4,'weak','resist','resist','-','weak','weak','-','-'); 
INSERT INTO Demons (demon_id,race,lvl,name,ag,dx,hp,lu,ma,mp,st) VALUES(5,'Holy',44,'Airavata',46,43,446,53,32,136,69); INSERT INTO Affinities (demon_id,ailment,almighty,auxilary,dark,elec,fire,theforce,gun,ice,light,phys,recovery) VALUES(5,0,0,0,-3,0,-3,0,2,0,0,2,1); INSERT INTO Resistances (demon_id,dark,elec,fire,theforce,gun,ice,light,phys) VALUES(5,'weak','resist','weak','-','null','resist','resist','-'); 
INSERT INTO Demons (demon_id,race,lvl,name,ag,dx,hp,lu,ma,mp,st) VALUES(6,'Vile',67,'Alciel',69,58,472,76,86,262,65); INSERT INTO Affinities (demon_id,ailment,almighty,auxilary,dark,elec,fire,theforce,gun,ice,light,phys,recovery) VALUES(6,3,0,2,2,0,0,0,-4,0,-3,-4,0); INSERT INTO Resistances (demon_id,dark,elec,fire,theforce,gun,ice,light,phys) VALUES(6,'absorb','null','null','null','weak','null','weak','weak'); 
INSERT INTO Demons (demon_id,race,lvl,name,ag,dx,hp,lu,ma,mp,st) VALUES(7,'Undead',49,'Alice',56,51,385,67,82,339,41); INSERT INTO Affinities (demon_id,ailment,almighty,auxilary,dark,elec,fire,theforce,gun,ice,light,phys,recovery) VALUES(7,3,0,0,5,0,0,0,2,0,0,-9,-5); INSERT INTO Resistances (demon_id,dark,elec,fire,theforce,gun,ice,light,phys) VALUES(7,'repel','-','-','-','null','-','weak','-'); 
INSERT INTO Demons (demon_id,race,lvl,name,ag,dx,hp,lu,ma,mp,st) VALUES(8,'Entity',84,'Alilat',78,63,621,108,135,440,64); INSERT INTO Affinities (demon_id,ailment,almighty,auxilary,dark,elec,fire,theforce,gun,ice,light,phys,recovery) VALUES(8,0,4,3,0,0,0,0,0,0,0,0,3); INSERT INTO Resistances (demon_id,dark,elec,fire,theforce,gun,ice,light,phys) VALUES(8,'resist','-','-','-','-','-','resist','-'); 
INSERT INTO Demons (demon_id,race,lvl,name,ag,dx,hp,lu,ma,mp,st) VALUES(9,'Wood',48,'Alraune',51,75,499,62,39,204,47); INSERT INTO Affinities (demon_id,ailment,almighty,auxilary,dark,elec,fire,theforce,gun,ice,light,phys,recovery) VALUES(9,3,0,0,0,0,-4,0,2,0,0,0,0); INSERT INTO Resistances (demon_id,dark,elec,fire,theforce,gun,ice,light,phys) VALUES(9,'-','-','weak','-','resist','-','-','-'); 
INSERT INTO Demons (demon_id,race,lvl,name,ag,dx,hp,lu,ma,mp,st) VALUES(10,'Amatsu',79,'Amaterasu',77,69,493,94,118,406,53); INSERT INTO Affinities (demon_id,ailment,almighty,auxilary,dark,elec,fire,theforce,gun,ice,light,phys,recovery) VALUES(10,0,0,1,0,-3,5,0,0,-2,2,0,2); INSERT INTO Resistances (demon_id,dark,elec,fire,theforce,gun,ice,light,phys) VALUES(10,'-','weak','repel','-','-','-','resist','-'); 
INSERT INTO Demons (demon_id,race,lvl,name,ag,dx,hp,lu,ma,mp,st) VALUES(11,'Amatsu',22,'Ame no Uzume',29,23,174,31,41,195,18); INSERT INTO Affinities (demon_id,ailment,almighty,auxilary,dark,elec,fire,theforce,gun,ice,light,phys,recovery) VALUES(11,0,0,0,0,-3,0,0,-4,0,1,0,2); INSERT INTO Resistances (demon_id,dark,elec,fire,theforce,gun,ice,light,phys) VALUES(11,'-','weak','-','resist','weak','-','resist','-'); 
INSERT INTO Demons (demon_id,race,lvl,name,ag,dx,hp,lu,ma,mp,st) VALUES(12,'Beast',64,'Ammut',64,60,614,74,44,187,97); INSERT INTO Affinities (demon_id,ailment,almighty,auxilary,dark,elec,fire,theforce,gun,ice,light,phys,recovery) VALUES(12,0,0,2,0,0,0,0,0,-3,0,3,0); INSERT INTO Resistances (demon_id,dark,elec,fire,theforce,gun,ice,light,phys) VALUES(12,'-','null','-','-','resist','weak','-','-'); 
INSERT INTO Demons (demon_id,race,lvl,name,ag,dx,hp,lu,ma,mp,st) VALUES(13,'Megami',63,'Anat',70,59,635,78,48,234,99); INSERT INTO Affinities (demon_id,ailment,almighty,auxilary,dark,elec,fire,theforce,gun,ice,light,phys,recovery) VALUES(13,0,0,1,1,0,0,0,0,-3,0,3,1); INSERT INTO Resistances (demon_id,dark,elec,fire,theforce,gun,ice,light,phys) VALUES(13,'-','-','-','-','-','weak','null','resist'); 
INSERT INTO Demons (demon_id,race,lvl,name,ag,dx,hp,lu,ma,mp,st) VALUES(14,'Divine',10,'Angel',17,14,112,18,23,112,11); INSERT INTO Affinities (demon_id,ailment,almighty,auxilary,dark,elec,fire,theforce,gun,ice,light,phys,recovery) VALUES(14,1,0,2,-5,-3,0,0,0,0,3,0,2); INSERT INTO Resistances (demon_id,dark,elec,fire,theforce,gun,ice,light,phys) VALUES(14,'weak','weak','-','-','-','-','null','-'); 
INSERT INTO Demons (demon_id,race,lvl,name,ag,dx,hp,lu,ma,mp,st) VALUES(15,'Divine',82,'Angel (White Wings)',80,71,510,97,122,420,54); INSERT INTO Affinities (demon_id,ailment,almighty,auxilary,dark,elec,fire,theforce,gun,ice,light,phys,recovery) VALUES(15,0,0,4,-6,-3,0,0,0,0,5,0,3); INSERT INTO Resistances (demon_id,dark,elec,fire,theforce,gun,ice,light,phys) VALUES(15,'weak','weak','resist','resist','-','-','null','-'); 
INSERT INTO Demons (demon_id,race,lvl,name,ag,dx,hp,lu,ma,mp,st) VALUES(16,'Herald',90,'Aniel',94,98,743,101,103,335,93); INSERT INTO Affinities (demon_id,ailment,almighty,auxilary,dark,elec,fire,theforce,gun,ice,light,phys,recovery) VALUES(16,1,0,0,0,6,0,-5,0,0,6,0,0); INSERT INTO Resistances (demon_id,dark,elec,fire,theforce,gun,ice,light,phys) VALUES(16,'-','repel','-','weak','-','-','absorb','-'); 
INSERT INTO Demons (demon_id,race,lvl,name,ag,dx,hp,lu,ma,mp,st) VALUES(17,'Avatar',60,'Anubis',62,54,487,70,104,379,44); INSERT INTO Affinities (demon_id,ailment,almighty,auxilary,dark,elec,fire,theforce,gun,ice,light,phys,recovery) VALUES(17,0,0,0,4,0,0,0,0,0,4,-3,1); INSERT INTO Resistances (demon_id,dark,elec,fire,theforce,gun,ice,light,phys) VALUES(17,'resist','-','-','-','-','-','null','-'); 
INSERT INTO Demons (demon_id,race,lvl,name,ag,dx,hp,lu,ma,mp,st) VALUES(18,'Raptor',49,'Anzu',50,43,548,54,63,228,71); INSERT INTO Affinities (demon_id,ailment,almighty,auxilary,dark,elec,fire,theforce,gun,ice,light,phys,recovery) VALUES(18,-2,0,1,0,2,0,-5,-4,0,0,3,1); INSERT INTO Resistances (demon_id,dark,elec,fire,theforce,gun,ice,light,phys) VALUES(18,'-','null','-','weak','weak','-','-','-'); 
INSERT INTO Demons (demon_id,race,lvl,name,ag,dx,hp,lu,ma,mp,st) VALUES(19,'Holy',18,'Apis',20,21,227,28,16,71,33); INSERT INTO Affinities (demon_id,ailment,almighty,auxilary,dark,elec,fire,theforce,gun,ice,light,phys,recovery) VALUES(19,0,0,0,-3,0,0,0,0,0,3,0,1); INSERT INTO Resistances (demon_id,dark,elec,fire,theforce,gun,ice,light,phys) VALUES(19,'weak','-','-','-','-','-','resist','-'); 
INSERT INTO Demons (demon_id,race,lvl,name,ag,dx,hp,lu,ma,mp,st) VALUES(20,'Nymph',15,'Apsaras',20,18,150,23,27,114,14); INSERT INTO Affinities (demon_id,ailment,almighty,auxilary,dark,elec,fire,theforce,gun,ice,light,phys,recovery) VALUES(20,0,0,0,0,0,-3,0,0,2,0,0,2); INSERT INTO Resistances (demon_id,dark,elec,fire,theforce,gun,ice,light,phys) VALUES(20,'-','-','weak','-','-','resist','-','-'); 
INSERT INTO Demons (demon_id,race,lvl,name,ag,dx,hp,lu,ma,mp,st) VALUES(21,'Deity',82,'Apsu',80,71,510,97,122,420,54); INSERT INTO Affinities (demon_id,ailment,almighty,auxilary,dark,elec,fire,theforce,gun,ice,light,phys,recovery) VALUES(21,0,0,0,0,-3,0,0,0,5,0,3,-2); INSERT INTO Resistances (demon_id,dark,elec,fire,theforce,gun,ice,light,phys) VALUES(21,'resist','weak','-','-','-','repel','-','-'); 
INSERT INTO Demons (demon_id,race,lvl,name,ag,dx,hp,lu,ma,mp,st) VALUES(22,'Element',16,'Aquans',26,24,150,24,30,128,15); INSERT INTO Affinities (demon_id,ailment,almighty,auxilary,dark,elec,fire,theforce,gun,ice,light,phys,recovery) VALUES(22,1,0,0,0,0,-4,0,0,3,0,0,0); INSERT INTO Resistances (demon_id,dark,elec,fire,theforce,gun,ice,light,phys) VALUES(22,'-','-','weak','-','-','resist','-','-'); 
INSERT INTO Demons (demon_id,race,lvl,name,ag,dx,hp,lu,ma,mp,st) VALUES(23,'Vermin',44,'Arachne',73,69,409,46,36,153,43); INSERT INTO Affinities (demon_id,ailment,almighty,auxilary,dark,elec,fire,theforce,gun,ice,light,phys,recovery) VALUES(23,1,0,0,0,0,0,0,3,-3,0,0,0); INSERT INTO Resistances (demon_id,dark,elec,fire,theforce,gun,ice,light,phys) VALUES(23,'-','null','-','-','null','weak','weak','-'); 
INSERT INTO Demons (demon_id,race,lvl,name,ag,dx,hp,lu,ma,mp,st) VALUES(24,'Kunitsu',57,'Arahabaki',63,57,430,75,93,376,45); INSERT INTO Affinities (demon_id,ailment,almighty,auxilary,dark,elec,fire,theforce,gun,ice,light,phys,recovery) VALUES(24,0,3,3,0,-3,-4,-3,0,-2,0,0,0); INSERT INTO Resistances (demon_id,dark,elec,fire,theforce,gun,ice,light,phys) VALUES(24,'resist','weak','weak','weak','resist','weak','resist','resist'); 
INSERT INTO Demons (demon_id,race,lvl,name,ag,dx,hp,lu,ma,mp,st) VALUES(25,'Zealot',59,'Aramisaki',84,56,451,73,94,365,42); INSERT INTO Affinities (demon_id,ailment,almighty,auxilary,dark,elec,fire,theforce,gun,ice,light,phys,recovery) VALUES(25,0,2,0,-3,0,0,0,0,3,0,0,0); INSERT INTO Resistances (demon_id,dark,elec,fire,theforce,gun,ice,light,phys) VALUES(25,'weak','-','-','-','-','-','resist','-'); 
INSERT INTO Demons (demon_id,race,lvl,name,ag,dx,hp,lu,ma,mp,st) VALUES(26,'Divine',18,'Archangel',22,21,227,26,28,121,33); INSERT INTO Affinities (demon_id,ailment,almighty,auxilary,dark,elec,fire,theforce,gun,ice,light,phys,recovery) VALUES(26,0,0,0,-5,0,1,0,0,0,3,1,0); INSERT INTO Resistances (demon_id,dark,elec,fire,theforce,gun,ice,light,phys) VALUES(26,'weak','-','-','-','-','weak','null','-'); 
INSERT INTO Demons (demon_id,race,lvl,name,ag,dx,hp,lu,ma,mp,st) VALUES(27,'Fury',32,'Ares',35,40,375,40,24,106,57); INSERT INTO Affinities (demon_id,ailment,almighty,auxilary,dark,elec,fire,theforce,gun,ice,light,phys,recovery) VALUES(27,-3,0,1,-3,0,0,0,0,0,0,4,-2); INSERT INTO Resistances (demon_id,dark,elec,fire,theforce,gun,ice,light,phys) VALUES(27,'weak','-','-','-','-','-','resist','-'); 
INSERT INTO Demons (demon_id,race,lvl,name,ag,dx,hp,lu,ma,mp,st) VALUES(28,'Lady',51,'Asherah',45,85,462,57,75,293,50); INSERT INTO Affinities (demon_id,ailment,almighty,auxilary,dark,elec,fire,theforce,gun,ice,light,phys,recovery) VALUES(28,0,1,0,0,-2,2,3,2,-5,0,0,4); INSERT INTO Resistances (demon_id,dark,elec,fire,theforce,gun,ice,light,phys) VALUES(28,'weak','-','null','null','-','weak','-','-'); 
INSERT INTO Demons (demon_id,race,lvl,name,ag,dx,hp,lu,ma,mp,st) VALUES(29,'Fury',43,'Asura',45,43,557,63,31,113,73); INSERT INTO Affinities (demon_id,ailment,almighty,auxilary,dark,elec,fire,theforce,gun,ice,light,phys,recovery) VALUES(29,0,0,1,0,0,2,0,0,-5,0,4,-2); INSERT INTO Resistances (demon_id,dark,elec,fire,theforce,gun,ice,light,phys) VALUES(29,'-','-','null','-','-','weak','resist','resist'); 
INSERT INTO Demons (demon_id,race,lvl,name,ag,dx,hp,lu,ma,mp,st) VALUES(30,'Femme',46,'Atropos',41,43,358,57,73,256,32); INSERT INTO Affinities (demon_id,ailment,almighty,auxilary,dark,elec,fire,theforce,gun,ice,light,phys,recovery) VALUES(30,0,0,0,0,1,-4,0,0,3,1,0,0); INSERT INTO Resistances (demon_id,dark,elec,fire,theforce,gun,ice,light,phys) VALUES(30,'-','-','weak','-','-','null','-','-'); 
INSERT INTO Demons (demon_id,race,lvl,name,ag,dx,hp,lu,ma,mp,st) VALUES(31,'Zealot',74,'Attis',73,69,698,84,50,212,111); INSERT INTO Affinities (demon_id,ailment,almighty,auxilary,dark,elec,fire,theforce,gun,ice,light,phys,recovery) VALUES(31,-4,0,0,0,0,0,0,-4,3,0,0,2); INSERT INTO Resistances (demon_id,dark,elec,fire,theforce,gun,ice,light,phys) VALUES(31,'-','-','-','-','weak','-','-','resist'); 
INSERT INTO Demons (demon_id,race,lvl,name,ag,dx,hp,lu,ma,mp,st) VALUES(32,'Tyrant',69,'Azazel',76,54,687,73,113,345,64); INSERT INTO Affinities (demon_id,ailment,almighty,auxilary,dark,elec,fire,theforce,gun,ice,light,phys,recovery) VALUES(32,0,0,-3,0,-5,4,0,3,0,-3,0,0); INSERT INTO Resistances (demon_id,dark,elec,fire,theforce,gun,ice,light,phys) VALUES(32,'resist','weak','resist','null','repel','-','weak','-'); 
INSERT INTO Demons (demon_id,race,lvl,name,ag,dx,hp,lu,ma,mp,st) VALUES(33,'Herald',77,'Azrael',75,67,482,91,115,398,51); INSERT INTO Affinities (demon_id,ailment,almighty,auxilary,dark,elec,fire,theforce,gun,ice,light,phys,recovery) VALUES(33,0,0,0,4,0,3,0,0,-3,4,-5,0); INSERT INTO Resistances (demon_id,dark,elec,fire,theforce,gun,ice,light,phys) VALUES(33,'resist','-','resist','-','-','weak','repel','resist'); 
INSERT INTO Demons (demon_id,race,lvl,name,ag,dx,hp,lu,ma,mp,st) VALUES(34,'Brute',19,'Azumi',32,23,152,29,26,101,23); INSERT INTO Affinities (demon_id,ailment,almighty,auxilary,dark,elec,fire,theforce,gun,ice,light,phys,recovery) VALUES(34,0,0,0,0,-3,0,0,0,3,0,0,0); INSERT INTO Resistances (demon_id,dark,elec,fire,theforce,gun,ice,light,phys) VALUES(34,'-','weak','-','-','-','resist','-','-'); 
INSERT INTO Demons (demon_id,race,lvl,name,ag,dx,hp,lu,ma,mp,st) VALUES(35,'Deity',79,'Baal',79,90,616,82,84,280,90); INSERT INTO Affinities (demon_id,ailment,almighty,auxilary,dark,elec,fire,theforce,gun,ice,light,phys,recovery) VALUES(35,0,0,-3,0,4,3,0,0,-4,0,4,0); INSERT INTO Resistances (demon_id,dark,elec,fire,theforce,gun,ice,light,phys) VALUES(35,'-','absorb','-','-','-','weak','resist','-'); 
INSERT INTO Demons (demon_id,race,lvl,name,ag,dx,hp,lu,ma,mp,st) VALUES(36,'Drake',21,'Bai Suzhen',25,23,168,30,37,141,18); INSERT INTO Affinities (demon_id,ailment,almighty,auxilary,dark,elec,fire,theforce,gun,ice,light,phys,recovery) VALUES(36,-1,0,1,0,0,-4,0,0,3,0,0,2); INSERT INTO Resistances (demon_id,dark,elec,fire,theforce,gun,ice,light,phys) VALUES(36,'-','-','weak','-','-','resist','weak','-'); 
INSERT INTO Demons (demon_id,race,lvl,name,ag,dx,hp,lu,ma,mp,st) VALUES(37,'Holy',62,'Baihu',75,54,627,69,55,251,100); INSERT INTO Affinities (demon_id,ailment,almighty,auxilary,dark,elec,fire,theforce,gun,ice,light,phys,recovery) VALUES(37,0,0,1,0,5,0,-7,0,0,0,1,0); INSERT INTO Resistances (demon_id,dark,elec,fire,theforce,gun,ice,light,phys) VALUES(37,'-','null','-','weak','-','-','-','-'); 
INSERT INTO Demons (demon_id,race,lvl,name,ag,dx,hp,lu,ma,mp,st) VALUES(38,'Genma',28,'Baldur',31,30,311,39,22,96,44); INSERT INTO Affinities (demon_id,ailment,almighty,auxilary,dark,elec,fire,theforce,gun,ice,light,phys,recovery) VALUES(38,0,0,0,0,0,0,0,-4,0,2,1,0); INSERT INTO Resistances (demon_id,dark,elec,fire,theforce,gun,ice,light,phys) VALUES(38,'weak','resist','-','-','weak','-','-','resist'); 
INSERT INTO Demons (demon_id,race,lvl,name,ag,dx,hp,lu,ma,mp,st) VALUES(39,'Tyrant',36,'Balor',34,37,402,44,32,116,58); INSERT INTO Affinities (demon_id,ailment,almighty,auxilary,dark,elec,fire,theforce,gun,ice,light,phys,recovery) VALUES(39,-2,0,0,0,0,3,0,0,-5,0,1,0); INSERT INTO Resistances (demon_id,dark,elec,fire,theforce,gun,ice,light,phys) VALUES(39,'-','-','null','resist','resist','weak','-','-'); 
INSERT INTO Demons (demon_id,race,lvl,name,ag,dx,hp,lu,ma,mp,st) VALUES(40,'Vile',25,'Baphomet',24,26,291,32,43,125,20); INSERT INTO Affinities (demon_id,ailment,almighty,auxilary,dark,elec,fire,theforce,gun,ice,light,phys,recovery) VALUES(40,0,0,0,3,0,0,0,0,0,-3,0,0); INSERT INTO Resistances (demon_id,dark,elec,fire,theforce,gun,ice,light,phys) VALUES(40,'null','-','-','-','-','-','weak','-'); 
INSERT INTO Demons (demon_id,race,lvl,name,ag,dx,hp,lu,ma,mp,st) VALUES(41,'Fallen',69,'Barbatos',79,104,601,68,54,224,65); INSERT INTO Affinities (demon_id,ailment,almighty,auxilary,dark,elec,fire,theforce,gun,ice,light,phys,recovery) VALUES(41,1,0,0,0,-2,-3,2,5,0,0,0,0); INSERT INTO Resistances (demon_id,dark,elec,fire,theforce,gun,ice,light,phys) VALUES(41,'resist','-','weak','null','repel','-','-','-'); 
INSERT INTO Demons (demon_id,race,lvl,name,ag,dx,hp,lu,ma,mp,st) VALUES(42,'Avatar',68,'Barong',87,80,533,85,59,320,80); INSERT INTO Affinities (demon_id,ailment,almighty,auxilary,dark,elec,fire,theforce,gun,ice,light,phys,recovery) VALUES(42,1,0,1,-3,3,0,-3,0,0,0,3,0); INSERT INTO Resistances (demon_id,dark,elec,fire,theforce,gun,ice,light,phys) VALUES(42,'weak','null','-','weak','-','-','null','resist'); 
INSERT INTO Demons (demon_id,race,lvl,name,ag,dx,hp,lu,ma,mp,st) VALUES(43,'Drake',28,'Basilisk',44,31,247,35,29,151,31); INSERT INTO Affinities (demon_id,ailment,almighty,auxilary,dark,elec,fire,theforce,gun,ice,light,phys,recovery) VALUES(43,6,0,-2,0,0,0,-3,0,0,0,0,1); INSERT INTO Resistances (demon_id,dark,elec,fire,theforce,gun,ice,light,phys) VALUES(43,'resist','-','-','weak','-','-','weak','-'); 
INSERT INTO Demons (demon_id,race,lvl,name,ag,dx,hp,lu,ma,mp,st) VALUES(44,'Tyrant',79,'Beelzebub',84,89,616,76,85,280,91); INSERT INTO Affinities (demon_id,ailment,almighty,auxilary,dark,elec,fire,theforce,gun,ice,light,phys,recovery) VALUES(44,0,0,0,4,4,0,0,4,0,-1,0,0); INSERT INTO Resistances (demon_id,dark,elec,fire,theforce,gun,ice,light,phys) VALUES(44,'resist','-','-','-','absorb','-','resist','-'); 
INSERT INTO Demons (demon_id,race,lvl,name,ag,dx,hp,lu,ma,mp,st) VALUES(45,'Fury',66,'Beiji-Weng',81,73,490,79,95,377,45); INSERT INTO Affinities (demon_id,ailment,almighty,auxilary,dark,elec,fire,theforce,gun,ice,light,phys,recovery) VALUES(45,0,0,-3,0,0,0,0,0,3,0,0,1); INSERT INTO Resistances (demon_id,dark,elec,fire,theforce,gun,ice,light,phys) VALUES(45,'-','-','weak','-','-','null','resist','-'); 
INSERT INTO Demons (demon_id,race,lvl,name,ag,dx,hp,lu,ma,mp,st) VALUES(46,'Tyrant',70,'Belial',75,84,633,67,88,272,82); INSERT INTO Affinities (demon_id,ailment,almighty,auxilary,dark,elec,fire,theforce,gun,ice,light,phys,recovery) VALUES(46,0,0,0,0,0,6,0,0,-7,0,3,0); INSERT INTO Resistances (demon_id,dark,elec,fire,theforce,gun,ice,light,phys) VALUES(46,'null','-','null','-','-','weak','-','-'); 
INSERT INTO Demons (demon_id,race,lvl,name,ag,dx,hp,lu,ma,mp,st) VALUES(47,'Brute',64,'Berserker',64,60,514,74,44,237,107); INSERT INTO Affinities (demon_id,ailment,almighty,auxilary,dark,elec,fire,theforce,gun,ice,light,phys,recovery) VALUES(47,1,0,1,0,0,-3,0,0,0,0,6,0); INSERT INTO Resistances (demon_id,dark,elec,fire,theforce,gun,ice,light,phys) VALUES(47,'-','-','-','weak','-','-','-','null'); 
INSERT INTO Demons (demon_id,race,lvl,name,ag,dx,hp,lu,ma,mp,st) VALUES(48,'Fallen',20,'Bifrons',24,22,163,29,36,137,17); INSERT INTO Affinities (demon_id,ailment,almighty,auxilary,dark,elec,fire,theforce,gun,ice,light,phys,recovery) VALUES(48,0,0,0,0,0,2,-3,0,0,0,0,1); INSERT INTO Resistances (demon_id,dark,elec,fire,theforce,gun,ice,light,phys) VALUES(48,'-','-','resist','weak','-','-','weak','-'); 
INSERT INTO Demons (demon_id,race,lvl,name,ag,dx,hp,lu,ma,mp,st) VALUES(49,'Brute',9,'Bilwis',13,17,126,17,13,59,16); INSERT INTO Affinities (demon_id,ailment,almighty,auxilary,dark,elec,fire,theforce,gun,ice,light,phys,recovery) VALUES(49,0,0,-1,0,0,0,0,-2,1,-3,0,1); INSERT INTO Resistances (demon_id,dark,elec,fire,theforce,gun,ice,light,phys) VALUES(49,'resist','-','-','-','weak','-','weak','-'); 
INSERT INTO Demons (demon_id,race,lvl,name,ag,dx,hp,lu,ma,mp,st) VALUES(50,'Kishin',70,'Bishamonten',64,78,704,74,37,222,111); INSERT INTO Affinities (demon_id,ailment,almighty,auxilary,dark,elec,fire,theforce,gun,ice,light,phys,recovery) VALUES(50,0,0,2,0,0,-5,0,2,3,0,3,-2); INSERT INTO Resistances (demon_id,dark,elec,fire,theforce,gun,ice,light,phys) VALUES(50,'-','-','weak','-','-','null','resist','-'); 
INSERT INTO Demons (demon_id,race,lvl,name,ag,dx,hp,lu,ma,mp,st) VALUES(51,'Jaki',40,'Black Frost',39,40,482,44,44,126,64); INSERT INTO Affinities (demon_id,ailment,almighty,auxilary,dark,elec,fire,theforce,gun,ice,light,phys,recovery) VALUES(51,-2,0,1,3,0,0,0,0,3,-3,0,-2); INSERT INTO Resistances (demon_id,dark,elec,fire,theforce,gun,ice,light,phys) VALUES(51,'resist','-','resist','-','-','null','weak','resist'); 
INSERT INTO Demons (demon_id,race,lvl,name,ag,dx,hp,lu,ma,mp,st) VALUES(52,'Lady',66,'Black Maria',70,64,580,84,113,387,40); INSERT INTO Affinities (demon_id,ailment,almighty,auxilary,dark,elec,fire,theforce,gun,ice,light,phys,recovery) VALUES(52,1,2,1,0,3,0,-5,0,3,0,-2,3); INSERT INTO Resistances (demon_id,dark,elec,fire,theforce,gun,ice,light,phys) VALUES(52,'resist','null','-','weak','-','-','resist','-'); 
INSERT INTO Demons (demon_id,race,lvl,name,ag,dx,hp,lu,ma,mp,st) VALUES(53,'Fiend',93,'Black Rider',132,105,687,108,122,319,129); INSERT INTO Affinities (demon_id,ailment,almighty,auxilary,dark,elec,fire,theforce,gun,ice,light,phys,recovery) VALUES(53,0,4,0,0,0,-5,0,0,6,0,0,0); INSERT INTO Resistances (demon_id,dark,elec,fire,theforce,gun,ice,light,phys) VALUES(53,'resist','-','weak','-','-','absorb','resist','-'); 
INSERT INTO Demons (demon_id,race,lvl,name,ag,dx,hp,lu,ma,mp,st) VALUES(54,'Fallen',83,'Botis',85,67,536,111,123,439,53); INSERT INTO Affinities (demon_id,ailment,almighty,auxilary,dark,elec,fire,theforce,gun,ice,light,phys,recovery) VALUES(54,0,0,0,0,5,0,-7,0,0,0,3,0); INSERT INTO Resistances (demon_id,dark,elec,fire,theforce,gun,ice,light,phys) VALUES(54,'resist','repel','-','weak','-','-','-','-'); 
INSERT INTO Demons (demon_id,race,lvl,name,ag,dx,hp,lu,ma,mp,st) VALUES(55,'Megami',33,'Brigid',36,32,256,45,59,226,25); INSERT INTO Affinities (demon_id,ailment,almighty,auxilary,dark,elec,fire,theforce,gun,ice,light,phys,recovery) VALUES(55,0,0,0,0,0,4,0,0,-6,0,0,2); INSERT INTO Resistances (demon_id,dark,elec,fire,theforce,gun,ice,light,phys) VALUES(55,'-','-','null','-','-','weak','-','-'); 
INSERT INTO Demons (demon_id,race,lvl,name,ag,dx,hp,lu,ma,mp,st) VALUES(56,'Wilder',59,'Cabracan',29,51,672,66,36,134,90); INSERT INTO Affinities (demon_id,ailment,almighty,auxilary,dark,elec,fire,theforce,gun,ice,light,phys,recovery) VALUES(56,0,0,0,-3,2,2,-5,0,-2,0,0,0); INSERT INTO Resistances (demon_id,dark,elec,fire,theforce,gun,ice,light,phys) VALUES(56,'-','null','null','weak','-','-','-','-'); 
INSERT INTO Demons (demon_id,race,lvl,name,ag,dx,hp,lu,ma,mp,st) VALUES(57,'Flight',4,'Caladrius',13,10,71,12,11,59,8); INSERT INTO Affinities (demon_id,ailment,almighty,auxilary,dark,elec,fire,theforce,gun,ice,light,phys,recovery) VALUES(57,0,0,-1,-3,0,0,0,-4,0,0,0,2); INSERT INTO Resistances (demon_id,dark,elec,fire,theforce,gun,ice,light,phys) VALUES(57,'weak','-','-','-','weak','-','-','-'); 
INSERT INTO Demons (demon_id,race,lvl,name,ag,dx,hp,lu,ma,mp,st) VALUES(58,'Raptor',25,'Camazotz',40,29,227,33,27,121,29); INSERT INTO Affinities (demon_id,ailment,almighty,auxilary,dark,elec,fire,theforce,gun,ice,light,phys,recovery) VALUES(58,1,0,-2,0,0,0,0,-4,0,0,2,0); INSERT INTO Resistances (demon_id,dark,elec,fire,theforce,gun,ice,light,phys) VALUES(58,'-','weak','-','-','weak','-','weak','-'); 
INSERT INTO Demons (demon_id,race,lvl,name,ag,dx,hp,lu,ma,mp,st) VALUES(59,'Wilder',52,'Catoblepas',53,45,583,64,64,196,80); INSERT INTO Affinities (demon_id,ailment,almighty,auxilary,dark,elec,fire,theforce,gun,ice,light,phys,recovery) VALUES(59,0,0,0,1,2,0,0,0,0,-3,3,0); INSERT INTO Resistances (demon_id,dark,elec,fire,theforce,gun,ice,light,phys) VALUES(59,'-','-','-','-','-','-','weak','resist'); 
INSERT INTO Demons (demon_id,race,lvl,name,ag,dx,hp,lu,ma,mp,st) VALUES(60,'Yoma',4,'Centaur',16,13,111,9,10,50,9); INSERT INTO Affinities (demon_id,ailment,almighty,auxilary,dark,elec,fire,theforce,gun,ice,light,phys,recovery) VALUES(60,-1,0,-1,0,-3,0,-3,2,1,0,0,0); INSERT INTO Resistances (demon_id,dark,elec,fire,theforce,gun,ice,light,phys) VALUES(60,'weak','weak','resist','weak','resist','-','-','-'); 
INSERT INTO Demons (demon_id,race,lvl,name,ag,dx,hp,lu,ma,mp,st) VALUES(61,'Beast',69,'Cerberus',82,50,726,77,85,179,94); INSERT INTO Affinities (demon_id,ailment,almighty,auxilary,dark,elec,fire,theforce,gun,ice,light,phys,recovery) VALUES(61,0,0,0,0,0,4,0,0,-5,0,3,0); INSERT INTO Resistances (demon_id,dark,elec,fire,theforce,gun,ice,light,phys) VALUES(61,'-','-','repel','-','-','weak','-','-'); 
INSERT INTO Demons (demon_id,race,lvl,name,ag,dx,hp,lu,ma,mp,st) VALUES(62,'Reaper',71,'Cernunnos',70,58,583,85,107,390,68); INSERT INTO Affinities (demon_id,ailment,almighty,auxilary,dark,elec,fire,theforce,gun,ice,light,phys,recovery) VALUES(62,6,0,-2,3,2,0,-5,0,0,0,0,0); INSERT INTO Resistances (demon_id,dark,elec,fire,theforce,gun,ice,light,phys) VALUES(62,'repel','null','-','weak','-','-','-','resist'); 
INSERT INTO Demons (demon_id,race,lvl,name,ag,dx,hp,lu,ma,mp,st) VALUES(63,'Wilder',11,'Chagrin',20,23,154,15,13,60,14); INSERT INTO Affinities (demon_id,ailment,almighty,auxilary,dark,elec,fire,theforce,gun,ice,light,phys,recovery) VALUES(63,1,0,0,0,0,-3,0,1,0,0,0,0); INSERT INTO Resistances (demon_id,dark,elec,fire,theforce,gun,ice,light,phys) VALUES(63,'-','resist','weak','-','-','-','-','-'); 
INSERT INTO Demons (demon_id,race,lvl,name,ag,dx,hp,lu,ma,mp,st) VALUES(64,'Fury',50,'Chernobog',61,56,463,51,71,259,71); INSERT INTO Affinities (demon_id,ailment,almighty,auxilary,dark,elec,fire,theforce,gun,ice,light,phys,recovery) VALUES(64,1,2,0,2,0,0,0,0,0,-2,2,-3); INSERT INTO Resistances (demon_id,dark,elec,fire,theforce,gun,ice,light,phys) VALUES(64,'resist','-','-','-','-','-','weak','-'); 
INSERT INTO Demons (demon_id,race,lvl,name,ag,dx,hp,lu,ma,mp,st) VALUES(65,'Divine',71,'Cherub',75,105,666,75,80,290,66); INSERT INTO Affinities (demon_id,ailment,almighty,auxilary,dark,elec,fire,theforce,gun,ice,light,phys,recovery) VALUES(65,0,3,-3,0,-5,0,-5,3,0,4,0,0); INSERT INTO Resistances (demon_id,dark,elec,fire,theforce,gun,ice,light,phys) VALUES(65,'weak','weak','-','absorb','absorb','-','null','-'); 
INSERT INTO Demons (demon_id,race,lvl,name,ag,dx,hp,lu,ma,mp,st) VALUES(66,'Tyrant',87,'Chi You',94,75,857,100,74,194,131); INSERT INTO Affinities (demon_id,ailment,almighty,auxilary,dark,elec,fire,theforce,gun,ice,light,phys,recovery) VALUES(66,0,0,2,0,-2,-5,3,0,5,0,5,0); INSERT INTO Resistances (demon_id,dark,elec,fire,theforce,gun,ice,light,phys) VALUES(66,'-','-','weak','repel','-','repel','-','-'); 
INSERT INTO Demons (demon_id,race,lvl,name,ag,dx,hp,lu,ma,mp,st) VALUES(67,'Avatar',46,'Chimera',63,52,512,55,33,211,75); INSERT INTO Affinities (demon_id,ailment,almighty,auxilary,dark,elec,fire,theforce,gun,ice,light,phys,recovery) VALUES(67,-2,0,0,0,3,0,-4,0,0,0,2,0); INSERT INTO Resistances (demon_id,dark,elec,fire,theforce,gun,ice,light,phys) VALUES(67,'-','resist','resist','weak','-','-','-','-'); 
INSERT INTO Demons (demon_id,race,lvl,name,ag,dx,hp,lu,ma,mp,st) VALUES(68,'Holy',26,'Chironnupu',43,32,258,47,36,137,38); INSERT INTO Affinities (demon_id,ailment,almighty,auxilary,dark,elec,fire,theforce,gun,ice,light,phys,recovery) VALUES(68,0,0,4,0,0,0,0,4,0,3,0,4); INSERT INTO Resistances (demon_id,dark,elec,fire,theforce,gun,ice,light,phys) VALUES(68,'-','-','weak','-','-','null','null','-'); 
INSERT INTO Demons (demon_id,race,lvl,name,ag,dx,hp,lu,ma,mp,st) VALUES(69,'Food',21,'Chupacabra',35,25,200,31,21,107,25); INSERT INTO Affinities (demon_id,ailment,almighty,auxilary,dark,elec,fire,theforce,gun,ice,light,phys,recovery) VALUES(69,1,0,3,0,-3,0,0,-4,0,0,0,0); INSERT INTO Resistances (demon_id,dark,elec,fire,theforce,gun,ice,light,phys) VALUES(69,'-','weak','-','-','weak','-','-','-'); 
INSERT INTO Demons (demon_id,race,lvl,name,ag,dx,hp,lu,ma,mp,st) VALUES(70,'Ghost',32,'Churel',40,31,230,42,52,192,24); INSERT INTO Affinities (demon_id,ailment,almighty,auxilary,dark,elec,fire,theforce,gun,ice,light,phys,recovery) VALUES(70,2,0,0,3,0,0,0,0,0,-3,0,-2); INSERT INTO Resistances (demon_id,dark,elec,fire,theforce,gun,ice,light,phys) VALUES(70,'null','-','-','-','-','-','weak','-'); 
INSERT INTO Demons (demon_id,race,lvl,name,ag,dx,hp,lu,ma,mp,st) VALUES(71,'Megami',99,'Cleopatra',125,83,616,126,176,788,60); INSERT INTO Affinities (demon_id,ailment,almighty,auxilary,dark,elec,fire,theforce,gun,ice,light,phys,recovery) VALUES(71,4,0,0,-3,0,0,5,0,5,8,-3,4); INSERT INTO Resistances (demon_id,dark,elec,fire,theforce,gun,ice,light,phys) VALUES(71,'weak','resist','resist','resist','-','resist','absorb','-'); 
INSERT INTO Demons (demon_id,race,lvl,name,ag,dx,hp,lu,ma,mp,st) VALUES(72,'Femme',35,'Clotho',58,34,333,43,32,156,38); INSERT INTO Affinities (demon_id,ailment,almighty,auxilary,dark,elec,fire,theforce,gun,ice,light,phys,recovery) VALUES(72,1,0,-2,0,0,2,0,0,-5,0,0,3); INSERT INTO Resistances (demon_id,dark,elec,fire,theforce,gun,ice,light,phys) VALUES(72,'-','-','null','-','-','weak','-','-'); 
INSERT INTO Demons (demon_id,race,lvl,name,ag,dx,hp,lu,ma,mp,st) VALUES(73,'Undead',35,'Corpses',33,36,470,38,26,113,57); INSERT INTO Affinities (demon_id,ailment,almighty,auxilary,dark,elec,fire,theforce,gun,ice,light,phys,recovery) VALUES(73,0,0,0,2,-3,-5,0,2,2,-3,0,0); INSERT INTO Resistances (demon_id,dark,elec,fire,theforce,gun,ice,light,phys) VALUES(73,'unknown','weak','weak','-','resist','resist','weak','-'); 
INSERT INTO Demons (demon_id,race,lvl,name,ag,dx,hp,lu,ma,mp,st) VALUES(74,'Genma',50,'Cu Chulainn',46,51,533,41,76,239,81); INSERT INTO Affinities (demon_id,ailment,almighty,auxilary,dark,elec,fire,theforce,gun,ice,light,phys,recovery) VALUES(74,-2,0,0,-2,-2,0,4,0,0,0,4,0); INSERT INTO Resistances (demon_id,dark,elec,fire,theforce,gun,ice,light,phys) VALUES(74,'-','-','-','null','-','-','-','resist'); 
INSERT INTO Demons (demon_id,race,lvl,name,ag,dx,hp,lu,ma,mp,st) VALUES(75,'Flight',56,'Da Peng',80,47,508,64,73,208,70); INSERT INTO Affinities (demon_id,ailment,almighty,auxilary,dark,elec,fire,theforce,gun,ice,light,phys,recovery) VALUES(75,1,0,0,0,-2,0,4,-4,0,0,0,0); INSERT INTO Resistances (demon_id,dark,elec,fire,theforce,gun,ice,light,phys) VALUES(75,'weak','-','-','null','weak','-','-','-'); 
INSERT INTO Demons (demon_id,race,lvl,name,ag,dx,hp,lu,ma,mp,st) VALUES(76,'Femme',63,'Dakini',63,60,605,73,43,224,96); INSERT INTO Affinities (demon_id,ailment,almighty,auxilary,dark,elec,fire,theforce,gun,ice,light,phys,recovery) VALUES(76,3,0,-3,0,0,3,0,0,-5,0,4,0); INSERT INTO Resistances (demon_id,dark,elec,fire,theforce,gun,ice,light,phys) VALUES(76,'-','-','absorb','-','-','weak','-','resist'); 
INSERT INTO Demons (demon_id,race,lvl,name,ag,dx,hp,lu,ma,mp,st) VALUES(77,'Fallen',53,'Dantalian',54,48,348,65,82,288,37); INSERT INTO Affinities (demon_id,ailment,almighty,auxilary,dark,elec,fire,theforce,gun,ice,light,phys,recovery) VALUES(77,3,0,3,2,-5,0,2,0,0,0,0,0); INSERT INTO Resistances (demon_id,dark,elec,fire,theforce,gun,ice,light,phys) VALUES(77,'resist','weak','resist','null','-','resist','weak','-'); 
INSERT INTO Demons (demon_id,race,lvl,name,ag,dx,hp,lu,ma,mp,st) VALUES(78,'Tree',16,'Daphne',21,19,140,24,30,168,15); INSERT INTO Affinities (demon_id,ailment,almighty,auxilary,dark,elec,fire,theforce,gun,ice,light,phys,recovery) VALUES(78,2,0,1,0,0,-4,0,0,0,0,-2,1); INSERT INTO Resistances (demon_id,dark,elec,fire,theforce,gun,ice,light,phys) VALUES(78,'-','-','weak','resist','resist','-','-','-'); 
INSERT INTO Demons (demon_id,race,lvl,name,ag,dx,hp,lu,ma,mp,st) VALUES(79,'Fiend',82,'David',115,77,603,87,143,455,65); INSERT INTO Affinities (demon_id,ailment,almighty,auxilary,dark,elec,fire,theforce,gun,ice,light,phys,recovery) VALUES(79,5,3,1,5,-3,0,0,0,0,0,0,0); INSERT INTO Resistances (demon_id,dark,elec,fire,theforce,gun,ice,light,phys) VALUES(79,'resist','weak','resist','-','-','resist','resist','-'); 
INSERT INTO Demons (demon_id,race,lvl,name,ag,dx,hp,lu,ma,mp,st) VALUES(80,'Fallen',5,'Decarabia',11,10,79,12,15,69,8); INSERT INTO Affinities (demon_id,ailment,almighty,auxilary,dark,elec,fire,theforce,gun,ice,light,phys,recovery) VALUES(80,0,0,0,0,0,0,0,-4,1,0,0,0); INSERT INTO Resistances (demon_id,dark,elec,fire,theforce,gun,ice,light,phys) VALUES(80,'resist','-','-','-','weak','-','weak','-'); 
INSERT INTO Demons (demon_id,race,lvl,name,ag,dx,hp,lu,ma,mp,st) VALUES(81,'Vile',95,'Demiurge',110,98,748,82,116,320,116); INSERT INTO Affinities (demon_id,ailment,almighty,auxilary,dark,elec,fire,theforce,gun,ice,light,phys,recovery) VALUES(81,2,4,0,3,3,3,3,-3,3,-3,-3,-3); INSERT INTO Resistances (demon_id,dark,elec,fire,theforce,gun,ice,light,phys) VALUES(81,'absorb','resist','resist','resist','-','resist','-','-'); 
INSERT INTO Demons (demon_id,race,lvl,name,ag,dx,hp,lu,ma,mp,st) VALUES(82,'Fairy',76,'Demonee-Ho',75,71,714,86,51,216,114); INSERT INTO Affinities (demon_id,ailment,almighty,auxilary,dark,elec,fire,theforce,gun,ice,light,phys,recovery) VALUES(82,0,3,0,0,0,0,0,4,4,0,4,0); INSERT INTO Resistances (demon_id,dark,elec,fire,theforce,gun,ice,light,phys) VALUES(82,'-','-','resist','-','resist','-','-','resist'); 
INSERT INTO Demons (demon_id,race,lvl,name,ag,dx,hp,lu,ma,mp,st) VALUES(83,'Lady',41,'Diana',52,72,455,42,47,174,42); INSERT INTO Affinities (demon_id,ailment,almighty,auxilary,dark,elec,fire,theforce,gun,ice,light,phys,recovery) VALUES(83,0,0,0,0,0,0,-3,4,0,0,0,1); INSERT INTO Resistances (demon_id,dark,elec,fire,theforce,gun,ice,light,phys) VALUES(83,'-','-','-','weak','null','-','-','-'); 
INSERT INTO Demons (demon_id,race,lvl,name,ag,dx,hp,lu,ma,mp,st) VALUES(84,'Zealot',41,'Dionysus',68,44,383,61,39,226,50); INSERT INTO Affinities (demon_id,ailment,almighty,auxilary,dark,elec,fire,theforce,gun,ice,light,phys,recovery) VALUES(84,3,2,0,0,2,2,-1,0,-4,0,2,0); INSERT INTO Resistances (demon_id,dark,elec,fire,theforce,gun,ice,light,phys) VALUES(84,'-','null','null','-','-','weak','-','-'); 
INSERT INTO Demons (demon_id,race,lvl,name,ag,dx,hp,lu,ma,mp,st) VALUES(85,'Yoma',29,'Dis',37,29,193,39,48,177,20); INSERT INTO Affinities (demon_id,ailment,almighty,auxilary,dark,elec,fire,theforce,gun,ice,light,phys,recovery) VALUES(85,3,0,-2,0,1,0,0,-4,1,0,0,2); INSERT INTO Resistances (demon_id,dark,elec,fire,theforce,gun,ice,light,phys) VALUES(85,'weak','resist','-','-','weak','resist','-','-'); 
INSERT INTO Demons (demon_id,race,lvl,name,ag,dx,hp,lu,ma,mp,st) VALUES(86,'Divine',51,'Dominion',61,47,376,72,85,299,36); INSERT INTO Affinities (demon_id,ailment,almighty,auxilary,dark,elec,fire,theforce,gun,ice,light,phys,recovery) VALUES(86,0,0,0,-5,3,0,-3,0,0,3,0,1); INSERT INTO Resistances (demon_id,dark,elec,fire,theforce,gun,ice,light,phys) VALUES(86,'weak','resist','-','weak','-','-','null','-'); 
INSERT INTO Demons (demon_id,race,lvl,name,ag,dx,hp,lu,ma,mp,st) VALUES(87,'Beast',58,'Dormarth',68,52,376,76,94,341,40); INSERT INTO Affinities (demon_id,ailment,almighty,auxilary,dark,elec,fire,theforce,gun,ice,light,phys,recovery) VALUES(87,3,0,2,0,0,0,-3,0,0,0,2,0); INSERT INTO Resistances (demon_id,dark,elec,fire,theforce,gun,ice,light,phys) VALUES(87,'resist','-','-','weak','-','-','-','-'); 
INSERT INTO Demons (demon_id,race,lvl,name,ag,dx,hp,lu,ma,mp,st) VALUES(88,'Jirae',8,'Dwarf',13,13,143,15,10,45,19); INSERT INTO Affinities (demon_id,ailment,almighty,auxilary,dark,elec,fire,theforce,gun,ice,light,phys,recovery) VALUES(88,0,0,0,0,0,0,-3,0,0,0,2,0); INSERT INTO Resistances (demon_id,dark,elec,fire,theforce,gun,ice,light,phys) VALUES(88,'-','resist','-','weak','-','-','-','-'); 
INSERT INTO Demons (demon_id,race,lvl,name,ag,dx,hp,lu,ma,mp,st) VALUES(89,'Spirit',10,'Dybbuk',15,14,107,18,22,92,11); INSERT INTO Affinities (demon_id,ailment,almighty,auxilary,dark,elec,fire,theforce,gun,ice,light,phys,recovery) VALUES(89,2,0,-1,1,0,0,-1,0,-3,-3,0,1); INSERT INTO Resistances (demon_id,dark,elec,fire,theforce,gun,ice,light,phys) VALUES(89,'resist','-','-','-','-','weak','weak','-'); 
INSERT INTO Demons (demon_id,race,lvl,name,ag,dx,hp,lu,ma,mp,st) VALUES(90,'Lady',19,'Dzelarhons',23,16,162,31,39,152,16); INSERT INTO Affinities (demon_id,ailment,almighty,auxilary,dark,elec,fire,theforce,gun,ice,light,phys,recovery) VALUES(90,0,0,0,0,0,1,0,0,-3,0,0,1); INSERT INTO Resistances (demon_id,dark,elec,fire,theforce,gun,ice,light,phys) VALUES(90,'-','-','resist','-','-','weak','-','-'); 
INSERT INTO Demons (demon_id,race,lvl,name,ag,dx,hp,lu,ma,mp,st) VALUES(91,'Ghost',38,'Enku',40,36,264,49,61,219,28); INSERT INTO Affinities (demon_id,ailment,almighty,auxilary,dark,elec,fire,theforce,gun,ice,light,phys,recovery) VALUES(91,0,0,0,3,0,4,-3,0,-5,0,0,-2); INSERT INTO Resistances (demon_id,dark,elec,fire,theforce,gun,ice,light,phys) VALUES(91,'null','-','null','weak','-','weak','weak','-'); 
INSERT INTO Demons (demon_id,race,lvl,name,ag,dx,hp,lu,ma,mp,st) VALUES(92,'Wood',70,'Erlkonig',80,106,659,69,55,227,66); INSERT INTO Affinities (demon_id,ailment,almighty,auxilary,dark,elec,fire,theforce,gun,ice,light,phys,recovery) VALUES(92,0,0,0,2,3,-2,0,4,0,0,0,0); INSERT INTO Resistances (demon_id,dark,elec,fire,theforce,gun,ice,light,phys) VALUES(92,'null','resist','weak','weak','repel','-','-','-'); 
INSERT INTO Demons (demon_id,race,lvl,name,ag,dx,hp,lu,ma,mp,st) VALUES(93,'Element',8,'Erthys',15,19,136,13,14,61,13); INSERT INTO Affinities (demon_id,ailment,almighty,auxilary,dark,elec,fire,theforce,gun,ice,light,phys,recovery) VALUES(93,1,0,0,0,3,0,-4,0,0,0,0,0); INSERT INTO Resistances (demon_id,dark,elec,fire,theforce,gun,ice,light,phys) VALUES(93,'-','resist','-','weak','-','-','-','-'); 
INSERT INTO Demons (demon_id,race,lvl,name,ag,dx,hp,lu,ma,mp,st) VALUES(94,'Drake',75,'Fafnir',74,70,786,83,44,214,113); INSERT INTO Affinities (demon_id,ailment,almighty,auxilary,dark,elec,fire,theforce,gun,ice,light,phys,recovery) VALUES(94,3,0,1,0,-3,0,0,0,-3,0,4,0); INSERT INTO Resistances (demon_id,dark,elec,fire,theforce,gun,ice,light,phys) VALUES(94,'-','weak','-','-','-','weak','-','absorb'); 
INSERT INTO Demons (demon_id,race,lvl,name,ag,dx,hp,lu,ma,mp,st) VALUES(95,'Avian',63,'Feng Huang',78,51,524,78,86,333,63); INSERT INTO Affinities (demon_id,ailment,almighty,auxilary,dark,elec,fire,theforce,gun,ice,light,phys,recovery) VALUES(95,1,0,1,0,0,5,0,-4,-7,0,0,0); INSERT INTO Resistances (demon_id,dark,elec,fire,theforce,gun,ice,light,phys) VALUES(95,'-','-','null','-','weak','weak','-','-'); 
INSERT INTO Demons (demon_id,race,lvl,name,ag,dx,hp,lu,ma,mp,st) VALUES(96,'Wilder',69,'Fenrir',97,43,679,86,77,253,83); INSERT INTO Affinities (demon_id,ailment,almighty,auxilary,dark,elec,fire,theforce,gun,ice,light,phys,recovery) VALUES(96,-3,0,0,0,0,-5,-3,0,3,0,3,0); INSERT INTO Resistances (demon_id,dark,elec,fire,theforce,gun,ice,light,phys) VALUES(96,'-','resist','weak','weak','-','absorb','-','-'); 
INSERT INTO Demons (demon_id,race,lvl,name,ag,dx,hp,lu,ma,mp,st) VALUES(97,'Element',20,'Flaemis',29,28,254,28,17,86,36); INSERT INTO Affinities (demon_id,ailment,almighty,auxilary,dark,elec,fire,theforce,gun,ice,light,phys,recovery) VALUES(97,1,0,0,0,0,3,0,0,-4,0,0,0); INSERT INTO Resistances (demon_id,dark,elec,fire,theforce,gun,ice,light,phys) VALUES(97,'-','-','resist','-','-','weak','-','-'); 
INSERT INTO Demons (demon_id,race,lvl,name,ag,dx,hp,lu,ma,mp,st) VALUES(98,'Night',6,'Fomorian',9,11,181,13,8,30,19); INSERT INTO Affinities (demon_id,ailment,almighty,auxilary,dark,elec,fire,theforce,gun,ice,light,phys,recovery) VALUES(98,0,0,-1,0,0,-3,0,1,0,0,2,0); INSERT INTO Resistances (demon_id,dark,elec,fire,theforce,gun,ice,light,phys) VALUES(98,'-','-','weak','-','-','resist','-','-'); 
INSERT INTO Demons (demon_id,race,lvl,name,ag,dx,hp,lu,ma,mp,st) VALUES(99,'Megami',11,'Fortuna',24,17,133,20,17,89,16); INSERT INTO Affinities (demon_id,ailment,almighty,auxilary,dark,elec,fire,theforce,gun,ice,light,phys,recovery) VALUES(99,0,0,1,0,0,0,3,0,-3,0,0,2); INSERT INTO Resistances (demon_id,dark,elec,fire,theforce,gun,ice,light,phys) VALUES(99,'-','-','-','resist','-','weak','-','-'); 
INSERT INTO Demons (demon_id,race,lvl,name,ag,dx,hp,lu,ma,mp,st) VALUES(100,'Genma',42,'Frost Ace',62,37,390,52,52,230,52); INSERT INTO Affinities (demon_id,ailment,almighty,auxilary,dark,elec,fire,theforce,gun,ice,light,phys,recovery) VALUES(100,0,0,0,0,0,-1,0,0,4,2,0,0); INSERT INTO Resistances (demon_id,dark,elec,fire,theforce,gun,ice,light,phys) VALUES(100,'weak','-','resist','-','-','null','null','-'); 
INSERT INTO Demons (demon_id,race,lvl,name,ag,dx,hp,lu,ma,mp,st) VALUES(101,'Enigma',50,'Futotama',61,46,381,67,83,325,35); INSERT INTO Affinities (demon_id,ailment,almighty,auxilary,dark,elec,fire,theforce,gun,ice,light,phys,recovery) VALUES(101,0,0,0,0,0,0,0,0,0,0,0,0); INSERT INTO Resistances (demon_id,dark,elec,fire,theforce,gun,ice,light,phys) VALUES(101,'resist','-','-','weak','-','-','resist','-'); 
INSERT INTO Demons (demon_id,race,lvl,name,ag,dx,hp,lu,ma,mp,st) VALUES(102,'Brute',49,'Fuu-Ki',71,50,386,63,42,204,50); INSERT INTO Affinities (demon_id,ailment,almighty,auxilary,dark,elec,fire,theforce,gun,ice,light,phys,recovery) VALUES(102,0,0,1,0,-6,0,4,0,0,0,2,-3); INSERT INTO Resistances (demon_id,dark,elec,fire,theforce,gun,ice,light,phys) VALUES(102,'-','weak','-','null','-','-','-','-'); 
INSERT INTO Demons (demon_id,race,lvl,name,ag,dx,hp,lu,ma,mp,st) VALUES(103,'Raptor',6,'Fuxi',13,16,116,12,10,46,11); INSERT INTO Affinities (demon_id,ailment,almighty,auxilary,dark,elec,fire,theforce,gun,ice,light,phys,recovery) VALUES(103,0,0,-1,0,0,0,1,-4,0,0,0,1); INSERT INTO Resistances (demon_id,dark,elec,fire,theforce,gun,ice,light,phys) VALUES(103,'-','weak','-','-','weak','-','-','-'); 
INSERT INTO Demons (demon_id,race,lvl,name,ag,dx,hp,lu,ma,mp,st) VALUES(104,'Yoma',72,'Ganesha',61,67,731,82,78,257,108); INSERT INTO Affinities (demon_id,ailment,almighty,auxilary,dark,elec,fire,theforce,gun,ice,light,phys,recovery) VALUES(104,-2,0,1,0,-6,0,3,3,0,0,3,0); INSERT INTO Resistances (demon_id,dark,elec,fire,theforce,gun,ice,light,phys) VALUES(104,'weak','weak','-','null','resist','-','-','resist'); 
INSERT INTO Demons (demon_id,race,lvl,name,ag,dx,hp,lu,ma,mp,st) VALUES(105,'Spirit',7,'Garrote',16,12,107,15,11,59,12); INSERT INTO Affinities (demon_id,ailment,almighty,auxilary,dark,elec,fire,theforce,gun,ice,light,phys,recovery) VALUES(105,3,0,0,0,0,-3,0,0,0,-3,0,-1); INSERT INTO Resistances (demon_id,dark,elec,fire,theforce,gun,ice,light,phys) VALUES(105,'resist','-','weak','-','resist','-','weak','-'); 
INSERT INTO Demons (demon_id,race,lvl,name,ag,dx,hp,lu,ma,mp,st) VALUES(106,'Avian',72,'Garuda',101,71,539,90,60,284,71); INSERT INTO Affinities (demon_id,ailment,almighty,auxilary,dark,elec,fire,theforce,gun,ice,light,phys,recovery) VALUES(106,0,0,0,0,-4,3,4,-4,-5,0,3,0); INSERT INTO Resistances (demon_id,dark,elec,fire,theforce,gun,ice,light,phys) VALUES(106,'-','-','repel','null','weak','weak','resist','-'); 
INSERT INTO Demons (demon_id,race,lvl,name,ag,dx,hp,lu,ma,mp,st) VALUES(107,'Fallen',58,'Gemori',54,52,386,71,89,311,40); INSERT INTO Affinities (demon_id,ailment,almighty,auxilary,dark,elec,fire,theforce,gun,ice,light,phys,recovery) VALUES(107,1,0,0,0,0,2,0,0,-5,0,0,2); INSERT INTO Resistances (demon_id,dark,elec,fire,theforce,gun,ice,light,phys) VALUES(107,'resist','-','null','-','-','weak','weak','-'); 
INSERT INTO Demons (demon_id,race,lvl,name,ag,dx,hp,lu,ma,mp,st) VALUES(108,'Ghost',49,'Ghoul',62,42,356,63,57,204,66); INSERT INTO Affinities (demon_id,ailment,almighty,auxilary,dark,elec,fire,theforce,gun,ice,light,phys,recovery) VALUES(108,2,0,0,3,0,-3,0,0,0,-3,1,-2); INSERT INTO Resistances (demon_id,dark,elec,fire,theforce,gun,ice,light,phys) VALUES(108,'null','-','weak','-','-','-','weak','-'); 
INSERT INTO Demons (demon_id,race,lvl,name,ag,dx,hp,lu,ma,mp,st) VALUES(109,'Jaki',62,'Girimehkala',62,59,797,72,42,186,99); INSERT INTO Affinities (demon_id,ailment,almighty,auxilary,dark,elec,fire,theforce,gun,ice,light,phys,recovery) VALUES(109,1,0,1,0,-3,0,-3,0,0,-3,4,-3); INSERT INTO Resistances (demon_id,dark,elec,fire,theforce,gun,ice,light,phys) VALUES(109,'resist','weak','-','weak','-','-','weak','repel'); 
INSERT INTO Demons (demon_id,race,lvl,name,ag,dx,hp,lu,ma,mp,st) VALUES(110,'Element',24,'Gnome',33,26,308,37,20,116,41); INSERT INTO Affinities (demon_id,ailment,almighty,auxilary,dark,elec,fire,theforce,gun,ice,light,phys,recovery) VALUES(110,1,0,0,0,4,0,-5,0,0,0,0,0); INSERT INTO Resistances (demon_id,dark,elec,fire,theforce,gun,ice,light,phys) VALUES(110,'-','resist','-','weak','-','-','-','-'); 
INSERT INTO Demons (demon_id,race,lvl,name,ag,dx,hp,lu,ma,mp,st) VALUES(111,'Fairy',3,'Goblin',9,6,101,10,7,24,15); INSERT INTO Affinities (demon_id,ailment,almighty,auxilary,dark,elec,fire,theforce,gun,ice,light,phys,recovery) VALUES(111,-1,0,0,0,-3,0,0,-4,0,0,3,0); INSERT INTO Resistances (demon_id,dark,elec,fire,theforce,gun,ice,light,phys) VALUES(111,'-','weak','-','-','weak','-','-','-'); 
INSERT INTO Demons (demon_id,race,lvl,name,ag,dx,hp,lu,ma,mp,st) VALUES(112,'Jirae',61,'Gogmagog',56,58,788,71,42,179,93); INSERT INTO Affinities (demon_id,ailment,almighty,auxilary,dark,elec,fire,theforce,gun,ice,light,phys,recovery) VALUES(112,-2,0,0,-3,3,-5,-5,0,0,0,3,0); INSERT INTO Resistances (demon_id,dark,elec,fire,theforce,gun,ice,light,phys) VALUES(112,'weak','null','weak','weak','-','repel','-','resist'); 
INSERT INTO Demons (demon_id,race,lvl,name,ag,dx,hp,lu,ma,mp,st) VALUES(113,'Jaki',8,'Gremlin',16,13,119,14,16,56,11); INSERT INTO Affinities (demon_id,ailment,almighty,auxilary,dark,elec,fire,theforce,gun,ice,light,phys,recovery) VALUES(113,0,0,0,0,1,-3,-3,0,1,0,0,0); INSERT INTO Resistances (demon_id,dark,elec,fire,theforce,gun,ice,light,phys) VALUES(113,'-','resist','weak','weak','-','resist','-','-'); 
INSERT INTO Demons (demon_id,race,lvl,name,ag,dx,hp,lu,ma,mp,st) VALUES(114,'Jaki',50,'Grendel',42,49,596,44,35,152,86); INSERT INTO Affinities (demon_id,ailment,almighty,auxilary,dark,elec,fire,theforce,gun,ice,light,phys,recovery) VALUES(114,0,0,0,0,0,0,0,0,0,-3,3,-3); INSERT INTO Resistances (demon_id,dark,elec,fire,theforce,gun,ice,light,phys) VALUES(114,'-','-','-','weak','resist','-','weak','-'); 
INSERT INTO Demons (demon_id,race,lvl,name,ag,dx,hp,lu,ma,mp,st) VALUES(115,'Beast',40,'Gryphon',42,40,442,51,29,126,61); INSERT INTO Affinities (demon_id,ailment,almighty,auxilary,dark,elec,fire,theforce,gun,ice,light,phys,recovery) VALUES(115,0,0,0,0,0,0,0,-4,0,0,2,0); INSERT INTO Resistances (demon_id,dark,elec,fire,theforce,gun,ice,light,phys) VALUES(115,'-','weak','-','resist','weak','-','-','-'); 
INSERT INTO Demons (demon_id,race,lvl,name,ag,dx,hp,lu,ma,mp,st) VALUES(116,'Flight',16,'Gu Huo Niao',21,19,140,24,30,118,15); INSERT INTO Affinities (demon_id,ailment,almighty,auxilary,dark,elec,fire,theforce,gun,ice,light,phys,recovery) VALUES(116,1,0,0,0,0,3,0,-4,-3,0,0,0); INSERT INTO Resistances (demon_id,dark,elec,fire,theforce,gun,ice,light,phys) VALUES(116,'weak','-','resist','resist','repel','weak','-','-'); 
INSERT INTO Demons (demon_id,race,lvl,name,ag,dx,hp,lu,ma,mp,st) VALUES(117,'Dragon',27,'Gucumatz',42,30,240,38,26,128,30); INSERT INTO Affinities (demon_id,ailment,almighty,auxilary,dark,elec,fire,theforce,gun,ice,light,phys,recovery) VALUES(117,0,0,1,-3,0,-3,2,0,2,0,2,0); INSERT INTO Resistances (demon_id,dark,elec,fire,theforce,gun,ice,light,phys) VALUES(117,'weak','-','weak','resist','-','resist','-','-'); 
INSERT INTO Demons (demon_id,race,lvl,name,ag,dx,hp,lu,ma,mp,st) VALUES(118,'Reaper',63,'Guedhe',63,56,404,76,96,373,43); INSERT INTO Affinities (demon_id,ailment,almighty,auxilary,dark,elec,fire,theforce,gun,ice,light,phys,recovery) VALUES(118,-2,0,1,4,0,0,0,0,0,0,0,1); INSERT INTO Resistances (demon_id,dark,elec,fire,theforce,gun,ice,light,phys) VALUES(118,'null','-','-','-','-','-','-','-'); 
INSERT INTO Demons (demon_id,race,lvl,name,ag,dx,hp,lu,ma,mp,st) VALUES(119,'Snake',60,'Gui Xian',57,49,650,72,63,236,95); INSERT INTO Affinities (demon_id,ailment,almighty,auxilary,dark,elec,fire,theforce,gun,ice,light,phys,recovery) VALUES(119,0,0,2,0,0,-7,0,0,5,0,0,0); INSERT INTO Resistances (demon_id,dark,elec,fire,theforce,gun,ice,light,phys) VALUES(119,'-','-','weak','-','-','null','-','-'); 
INSERT INTO Demons (demon_id,race,lvl,name,ag,dx,hp,lu,ma,mp,st) VALUES(120,'Raptor',42,'Gurr',62,44,340,55,37,180,44); INSERT INTO Affinities (demon_id,ailment,almighty,auxilary,dark,elec,fire,theforce,gun,ice,light,phys,recovery) VALUES(120,0,0,-2,0,-2,0,3,-4,0,-3,1,0); INSERT INTO Resistances (demon_id,dark,elec,fire,theforce,gun,ice,light,phys) VALUES(120,'-','-','-','null','weak','-','weak','-'); 
INSERT INTO Demons (demon_id,race,lvl,name,ag,dx,hp,lu,ma,mp,st) VALUES(121,'Deity',75,'Hachiman',74,70,726,97,50,244,111); INSERT INTO Affinities (demon_id,ailment,almighty,auxilary,dark,elec,fire,theforce,gun,ice,light,phys,recovery) VALUES(121,0,0,1,0,3,0,-3,0,0,0,3,-3); INSERT INTO Resistances (demon_id,dark,elec,fire,theforce,gun,ice,light,phys) VALUES(121,'-','resist','repel','weak','-','-','resist','-'); 
INSERT INTO Demons (demon_id,race,lvl,name,ag,dx,hp,lu,ma,mp,st) VALUES(122,'Famed',56,'Hagen',67,54,615,90,39,121,86); INSERT INTO Affinities (demon_id,ailment,almighty,auxilary,dark,elec,fire,theforce,gun,ice,light,phys,recovery) VALUES(122,0,0,0,0,0,0,0,3,0,0,3,0); INSERT INTO Resistances (demon_id,dark,elec,fire,theforce,gun,ice,light,phys) VALUES(122,'-','-','-','-','-','-','-','-'); 
INSERT INTO Demons (demon_id,race,lvl,name,ag,dx,hp,lu,ma,mp,st) VALUES(123,'Beast',30,'Hairy Jack',38,32,328,38,23,81,50); INSERT INTO Affinities (demon_id,ailment,almighty,auxilary,dark,elec,fire,theforce,gun,ice,light,phys,recovery) VALUES(123,0,0,1,0,0,0,0,0,0,-3,3,0); INSERT INTO Resistances (demon_id,dark,elec,fire,theforce,gun,ice,light,phys) VALUES(123,'resist','-','-','-','-','-','weak','-'); 
INSERT INTO Demons (demon_id,race,lvl,name,ag,dx,hp,lu,ma,mp,st) VALUES(124,'Fallen',24,'Halphas',37,28,256,30,26,118,33); INSERT INTO Affinities (demon_id,ailment,almighty,auxilary,dark,elec,fire,theforce,gun,ice,light,phys,recovery) VALUES(124,0,0,5,0,0,0,-3,-4,0,0,1,0); INSERT INTO Resistances (demon_id,dark,elec,fire,theforce,gun,ice,light,phys) VALUES(124,'resist','-','-','weak','weak','-','weak','-'); 
INSERT INTO Demons (demon_id,race,lvl,name,ag,dx,hp,lu,ma,mp,st) VALUES(125,'Avian',10,'Hamsa',20,15,137,18,13,75,15); INSERT INTO Affinities (demon_id,ailment,almighty,auxilary,dark,elec,fire,theforce,gun,ice,light,phys,recovery) VALUES(125,0,0,0,0,1,0,0,-4,0,1,0,1); INSERT INTO Resistances (demon_id,dark,elec,fire,theforce,gun,ice,light,phys) VALUES(125,'weak','resist','-','-','weak','-','-','-'); 
INSERT INTO Demons (demon_id,race,lvl,name,ag,dx,hp,lu,ma,mp,st) VALUES(126,'Genma',66,'Hanuman',66,62,630,76,45,212,100); INSERT INTO Affinities (demon_id,ailment,almighty,auxilary,dark,elec,fire,theforce,gun,ice,light,phys,recovery) VALUES(126,1,0,0,0,-2,0,3,0,0,0,3,0); INSERT INTO Resistances (demon_id,dark,elec,fire,theforce,gun,ice,light,phys) VALUES(126,'-','weak','-','null','-','-','-','resist'); 
INSERT INTO Demons (demon_id,race,lvl,name,ag,dx,hp,lu,ma,mp,st) VALUES(127,'Tree',54,'Haoma',60,81,486,55,68,251,42); INSERT INTO Affinities (demon_id,ailment,almighty,auxilary,dark,elec,fire,theforce,gun,ice,light,phys,recovery) VALUES(127,0,0,1,0,0,-4,0,0,0,0,2,2); INSERT INTO Resistances (demon_id,dark,elec,fire,theforce,gun,ice,light,phys) VALUES(127,'-','-','null','-','null','-','resist','-'); 
INSERT INTO Demons (demon_id,race,lvl,name,ag,dx,hp,lu,ma,mp,st) VALUES(128,'Food',38,'Hare of Inaba',57,40,313,51,34,167,40); INSERT INTO Affinities (demon_id,ailment,almighty,auxilary,dark,elec,fire,theforce,gun,ice,light,phys,recovery) VALUES(128,-1,0,1,0,0,-2,0,-4,0,0,0,4); INSERT INTO Resistances (demon_id,dark,elec,fire,theforce,gun,ice,light,phys) VALUES(128,'-','-','weak','-','weak','-','-','-'); 
INSERT INTO Demons (demon_id,race,lvl,name,ag,dx,hp,lu,ma,mp,st) VALUES(129,'Lady',36,'Hariti',44,35,252,46,68,259,27); INSERT INTO Affinities (demon_id,ailment,almighty,auxilary,dark,elec,fire,theforce,gun,ice,light,phys,recovery) VALUES(129,1,0,0,-1,0,0,0,0,0,1,0,3); INSERT INTO Resistances (demon_id,dark,elec,fire,theforce,gun,ice,light,phys) VALUES(129,'resist','-','-','-','-','-','-','-'); 
INSERT INTO Demons (demon_id,race,lvl,name,ag,dx,hp,lu,ma,mp,st) VALUES(130,'Flight',35,'Harpy',53,38,293,47,32,156,38); INSERT INTO Affinities (demon_id,ailment,almighty,auxilary,dark,elec,fire,theforce,gun,ice,light,phys,recovery) VALUES(130,1,0,0,0,-3,0,3,-4,0,0,0,1); INSERT INTO Resistances (demon_id,dark,elec,fire,theforce,gun,ice,light,phys) VALUES(130,'weak','weak','-','resist','weak','-','-','-'); 
INSERT INTO Demons (demon_id,race,lvl,name,ag,dx,hp,lu,ma,mp,st) VALUES(131,'Megami',18,'Hathor',35,22,200,28,26,127,22); INSERT INTO Affinities (demon_id,ailment,almighty,auxilary,dark,elec,fire,theforce,gun,ice,light,phys,recovery) VALUES(131,0,0,1,0,0,0,0,-4,1,0,-4,3); INSERT INTO Resistances (demon_id,dark,elec,fire,theforce,gun,ice,light,phys) VALUES(131,'-','-','-','resist','weak','resist','resist','weak'); 
INSERT INTO Demons (demon_id,race,lvl,name,ag,dx,hp,lu,ma,mp,st) VALUES(132,'Genma',73,'Heimdall',79,74,574,82,94,301,74); INSERT INTO Affinities (demon_id,ailment,almighty,auxilary,dark,elec,fire,theforce,gun,ice,light,phys,recovery) VALUES(132,-4,0,2,0,0,-3,4,0,0,0,0,1); INSERT INTO Resistances (demon_id,dark,elec,fire,theforce,gun,ice,light,phys) VALUES(132,'-','-','weak','null','-','resist','-','-'); 
INSERT INTO Demons (demon_id,race,lvl,name,ag,dx,hp,lu,ma,mp,st) VALUES(133,'Jaki',68,'Hekatoncheires',67,64,647,78,46,196,103); INSERT INTO Affinities (demon_id,ailment,almighty,auxilary,dark,elec,fire,theforce,gun,ice,light,phys,recovery) VALUES(133,2,0,0,0,0,0,-3,0,0,-2,4,-3); INSERT INTO Resistances (demon_id,dark,elec,fire,theforce,gun,ice,light,phys) VALUES(133,'-','-','-','weak','resist','-','-','resist'); 
INSERT INTO Demons (demon_id,race,lvl,name,ag,dx,hp,lu,ma,mp,st) VALUES(134,'Reaper',43,'Hel',45,40,352,54,68,214,31); INSERT INTO Affinities (demon_id,ailment,almighty,auxilary,dark,elec,fire,theforce,gun,ice,light,phys,recovery) VALUES(134,0,0,0,4,0,-5,0,0,4,0,0,0); INSERT INTO Resistances (demon_id,dark,elec,fire,theforce,gun,ice,light,phys) VALUES(134,'null','-','weak','-','-','null','-','-'); 
INSERT INTO Demons (demon_id,race,lvl,name,ag,dx,hp,lu,ma,mp,st) VALUES(135,'Holy',13,'Heqet',21,18,154,17,19,72,20); INSERT INTO Affinities (demon_id,ailment,almighty,auxilary,dark,elec,fire,theforce,gun,ice,light,phys,recovery) VALUES(135,1,0,0,0,1,0,-3,0,0,0,0,2); INSERT INTO Resistances (demon_id,dark,elec,fire,theforce,gun,ice,light,phys) VALUES(135,'-','resist','-','weak','-','-','-','-'); 
INSERT INTO Demons (demon_id,race,lvl,name,ag,dx,hp,lu,ma,mp,st) VALUES(136,'Fairy',29,'High Pixie',36,32,213,39,48,207,23); INSERT INTO Affinities (demon_id,ailment,almighty,auxilary,dark,elec,fire,theforce,gun,ice,light,phys,recovery) VALUES(136,0,0,0,0,5,0,0,0,0,0,0,0); INSERT INTO Resistances (demon_id,dark,elec,fire,theforce,gun,ice,light,phys) VALUES(136,'-','-','-','resist','-','-','-','-'); 
INSERT INTO Demons (demon_id,race,lvl,name,ag,dx,hp,lu,ma,mp,st) VALUES(137,'Kunitsu',49,'Hitokoto-Nushi',60,48,375,64,86,339,38); INSERT INTO Affinities (demon_id,ailment,almighty,auxilary,dark,elec,fire,theforce,gun,ice,light,phys,recovery) VALUES(137,0,0,0,-3,2,-3,-2,0,0,3,0,0); INSERT INTO Resistances (demon_id,dark,elec,fire,theforce,gun,ice,light,phys) VALUES(137,'weak','null','weak','-','-','-','-','-'); 
INSERT INTO Demons (demon_id,race,lvl,name,ag,dx,hp,lu,ma,mp,st) VALUES(138,'Foul',10,'Hooligan',17,22,180,15,13,57,15); INSERT INTO Affinities (demon_id,ailment,almighty,auxilary,dark,elec,fire,theforce,gun,ice,light,phys,recovery) VALUES(138,1,0,-1,0,0,0,-3,3,-3,0,0,0); INSERT INTO Resistances (demon_id,dark,elec,fire,theforce,gun,ice,light,phys) VALUES(138,'-','resist','-','weak','resist','weak','-','-'); 
INSERT INTO Demons (demon_id,race,lvl,name,ag,dx,hp,lu,ma,mp,st) VALUES(139,'Tyrant',26,'Horkos',27,26,364,34,19,91,44); INSERT INTO Affinities (demon_id,ailment,almighty,auxilary,dark,elec,fire,theforce,gun,ice,light,phys,recovery) VALUES(139,-2,0,0,0,0,-3,0,0,0,0,3,0); INSERT INTO Resistances (demon_id,dark,elec,fire,theforce,gun,ice,light,phys) VALUES(139,'-','-','weak','-','-','-','weak','resist'); 
INSERT INTO Demons (demon_id,race,lvl,name,ag,dx,hp,lu,ma,mp,st) VALUES(140,'Raptor',70,'Hresvelgr',98,69,526,87,83,278,59); INSERT INTO Affinities (demon_id,ailment,almighty,auxilary,dark,elec,fire,theforce,gun,ice,light,phys,recovery) VALUES(140,1,0,-2,0,-2,-6,3,-4,3,0,0,0); INSERT INTO Resistances (demon_id,dark,elec,fire,theforce,gun,ice,light,phys) VALUES(140,'-','-','weak','absorb','weak','null','-','-'); 
INSERT INTO Demons (demon_id,race,lvl,name,ag,dx,hp,lu,ma,mp,st) VALUES(141,'Beast',48,'Hsing-Hsing',70,44,360,62,32,171,72); INSERT INTO Affinities (demon_id,ailment,almighty,auxilary,dark,elec,fire,theforce,gun,ice,light,phys,recovery) VALUES(141,0,0,1,0,0,0,-3,0,0,0,2,0); INSERT INTO Resistances (demon_id,dark,elec,fire,theforce,gun,ice,light,phys) VALUES(141,'-','resist','resist','weak','-','-','-','-'); 
INSERT INTO Demons (demon_id,race,lvl,name,ag,dx,hp,lu,ma,mp,st) VALUES(142,'Jirae',12,'Hua Po',20,17,143,18,27,101,12); INSERT INTO Affinities (demon_id,ailment,almighty,auxilary,dark,elec,fire,theforce,gun,ice,light,phys,recovery) VALUES(142,0,0,0,0,-3,2,0,0,0,0,0,0); INSERT INTO Resistances (demon_id,dark,elec,fire,theforce,gun,ice,light,phys) VALUES(142,'-','weak','resist','-','-','-','-','-'); 
INSERT INTO Demons (demon_id,race,lvl,name,ag,dx,hp,lu,ma,mp,st) VALUES(143,'Famed',86,'Huang Di',94,84,695,99,107,322,84); INSERT INTO Affinities (demon_id,ailment,almighty,auxilary,dark,elec,fire,theforce,gun,ice,light,phys,recovery) VALUES(143,0,4,0,0,0,0,0,4,0,0,4,4); INSERT INTO Resistances (demon_id,dark,elec,fire,theforce,gun,ice,light,phys) VALUES(143,'-','resist','resist','resist','-','resist','-','-'); 
INSERT INTO Demons (demon_id,race,lvl,name,ag,dx,hp,lu,ma,mp,st) VALUES(144,'Dragon',78,'Huang Long',93,79,609,80,83,277,85); INSERT INTO Affinities (demon_id,ailment,almighty,auxilary,dark,elec,fire,theforce,gun,ice,light,phys,recovery) VALUES(144,0,3,0,0,0,0,0,0,0,0,0,0); INSERT INTO Resistances (demon_id,dark,elec,fire,theforce,gun,ice,light,phys) VALUES(144,'-','resist','resist','resist','-','resist','null','-'); 
INSERT INTO Demons (demon_id,race,lvl,name,ag,dx,hp,lu,ma,mp,st) VALUES(145,'Raptor',65,'Huoniao',65,58,415,78,99,343,44); INSERT INTO Affinities (demon_id,ailment,almighty,auxilary,dark,elec,fire,theforce,gun,ice,light,phys,recovery) VALUES(145,-1,0,0,0,0,4,0,-3,-5,0,0,0); INSERT INTO Resistances (demon_id,dark,elec,fire,theforce,gun,ice,light,phys) VALUES(145,'-','-','repel','-','weak','weak','-','-'); 
INSERT INTO Demons (demon_id,race,lvl,name,ag,dx,hp,lu,ma,mp,st) VALUES(146,'Genma',18,'Ictinike',24,24,247,24,14,71,31); INSERT INTO Affinities (demon_id,ailment,almighty,auxilary,dark,elec,fire,theforce,gun,ice,light,phys,recovery) VALUES(146,-1,0,0,0,0,1,1,-3,-3,0,3,0); INSERT INTO Resistances (demon_id,dark,elec,fire,theforce,gun,ice,light,phys) VALUES(146,'-','-','-','-','weak','weak','-','resist'); 
INSERT INTO Demons (demon_id,race,lvl,name,ag,dx,hp,lu,ma,mp,st) VALUES(147,'Dragon',47,'Illuyanka',40,53,592,64,64,179,60); INSERT INTO Affinities (demon_id,ailment,almighty,auxilary,dark,elec,fire,theforce,gun,ice,light,phys,recovery) VALUES(147,-4,0,0,0,0,0,2,0,3,0,1,0); INSERT INTO Resistances (demon_id,dark,elec,fire,theforce,gun,ice,light,phys) VALUES(147,'-','-','-','resist','-','resist','-','-'); 
INSERT INTO Demons (demon_id,race,lvl,name,ag,dx,hp,lu,ma,mp,st) VALUES(148,'Lady',91,'Inanna',98,88,570,121,150,562,68); INSERT INTO Affinities (demon_id,ailment,almighty,auxilary,dark,elec,fire,theforce,gun,ice,light,phys,recovery) VALUES(148,0,0,3,0,6,6,6,0,6,0,-4,0); INSERT INTO Resistances (demon_id,dark,elec,fire,theforce,gun,ice,light,phys) VALUES(148,'resist','resist','resist','resist','-','resist','resist','-'); 
INSERT INTO Demons (demon_id,race,lvl,name,ag,dx,hp,lu,ma,mp,st) VALUES(149,'Night',23,'Incubus',31,40,247,27,22,93,26); INSERT INTO Affinities (demon_id,ailment,almighty,auxilary,dark,elec,fire,theforce,gun,ice,light,phys,recovery) VALUES(149,5,0,-2,0,-4,0,1,0,0,0,0,0); INSERT INTO Resistances (demon_id,dark,elec,fire,theforce,gun,ice,light,phys) VALUES(149,'-','weak','-','resist','weak','-','-','-'); 
INSERT INTO Demons (demon_id,race,lvl,name,ag,dx,hp,lu,ma,mp,st) VALUES(150,'Spirit',31,'Inferno',34,28,325,39,46,188,24); INSERT INTO Affinities (demon_id,ailment,almighty,auxilary,dark,elec,fire,theforce,gun,ice,light,phys,recovery) VALUES(150,1,0,0,0,0,4,0,0,-8,-3,0,-2); INSERT INTO Resistances (demon_id,dark,elec,fire,theforce,gun,ice,light,phys) VALUES(150,'-','-','null','-','-','weak','weak','-'); 
INSERT INTO Demons (demon_id,race,lvl,name,ag,dx,hp,lu,ma,mp,st) VALUES(151,'Deity',34,'Inti',44,33,261,51,55,231,26); INSERT INTO Affinities (demon_id,ailment,almighty,auxilary,dark,elec,fire,theforce,gun,ice,light,phys,recovery) VALUES(151,0,0,0,0,-3,2,0,0,2,0,0,0); INSERT INTO Resistances (demon_id,dark,elec,fire,theforce,gun,ice,light,phys) VALUES(151,'-','weak','resist','weak','-','resist','-','-'); 
INSERT INTO Demons (demon_id,race,lvl,name,ag,dx,hp,lu,ma,mp,st) VALUES(152,'Beast',20,'Inugami',33,24,193,30,21,104,24); INSERT INTO Affinities (demon_id,ailment,almighty,auxilary,dark,elec,fire,theforce,gun,ice,light,phys,recovery) VALUES(152,2,0,1,0,0,3,0,0,-3,-3,0,0); INSERT INTO Resistances (demon_id,dark,elec,fire,theforce,gun,ice,light,phys) VALUES(152,'-','-','resist','-','-','weak','-','-'); 
INSERT INTO Demons (demon_id,race,lvl,name,ag,dx,hp,lu,ma,mp,st) VALUES(153,'Jaki',16,'Ippon-Datara',21,20,230,23,15,55,33); INSERT INTO Affinities (demon_id,ailment,almighty,auxilary,dark,elec,fire,theforce,gun,ice,light,phys,recovery) VALUES(153,0,0,0,0,0,0,0,0,0,-3,4,-1); INSERT INTO Resistances (demon_id,dark,elec,fire,theforce,gun,ice,light,phys) VALUES(153,'-','-','resist','-','-','-','weak','-'); 
INSERT INTO Demons (demon_id,race,lvl,name,ag,dx,hp,lu,ma,mp,st) VALUES(154,'Megami',44,'Ishtar',46,40,337,57,90,317,29); INSERT INTO Affinities (demon_id,ailment,almighty,auxilary,dark,elec,fire,theforce,gun,ice,light,phys,recovery) VALUES(154,0,3,0,-3,2,0,-2,0,0,3,0,2); INSERT INTO Resistances (demon_id,dark,elec,fire,theforce,gun,ice,light,phys) VALUES(154,'weak','null','-','weak','-','-','null','-'); 
INSERT INTO Demons (demon_id,race,lvl,name,ag,dx,hp,lu,ma,mp,st) VALUES(155,'Lady',59,'Isis',87,57,493,79,80,309,56); INSERT INTO Affinities (demon_id,ailment,almighty,auxilary,dark,elec,fire,theforce,gun,ice,light,phys,recovery) VALUES(155,0,0,0,0,0,0,4,0,0,0,-4,2); INSERT INTO Resistances (demon_id,dark,elec,fire,theforce,gun,ice,light,phys) VALUES(155,'-','null','resist','-','-','-','-','-'); 
INSERT INTO Demons (demon_id,race,lvl,name,ag,dx,hp,lu,ma,mp,st) VALUES(156,'Herald',68,'Israfel',83,60,532,85,108,356,46); INSERT INTO Affinities (demon_id,ailment,almighty,auxilary,dark,elec,fire,theforce,gun,ice,light,phys,recovery) VALUES(156,0,2,0,3,0,-5,0,0,3,3,0,0); INSERT INTO Resistances (demon_id,dark,elec,fire,theforce,gun,ice,light,phys) VALUES(156,'weak','-','weak','-','-','null','absorb','-'); 
INSERT INTO Demons (demon_id,race,lvl,name,ag,dx,hp,lu,ma,mp,st) VALUES(157,'Raptor',19,'Itsumade',32,23,187,29,20,101,23); INSERT INTO Affinities (demon_id,ailment,almighty,auxilary,dark,elec,fire,theforce,gun,ice,light,phys,recovery) VALUES(157,2,0,3,0,0,0,2,-4,-3,0,0,0); INSERT INTO Resistances (demon_id,dark,elec,fire,theforce,gun,ice,light,phys) VALUES(157,'-','-','-','resist','weak','weak','weak','-'); 
INSERT INTO Demons (demon_id,race,lvl,name,ag,dx,hp,lu,ma,mp,st) VALUES(158,'Reaper',76,'Ixtab',78,80,545,82,90,320,72); INSERT INTO Affinities (demon_id,ailment,almighty,auxilary,dark,elec,fire,theforce,gun,ice,light,phys,recovery) VALUES(158,4,0,-2,2,0,0,0,0,0,0,0,1); INSERT INTO Resistances (demon_id,dark,elec,fire,theforce,gun,ice,light,phys) VALUES(158,'repel','-','-','-','-','-','weak','-'); 
INSERT INTO Demons (demon_id,race,lvl,name,ag,dx,hp,lu,ma,mp,st) VALUES(159,'Megami',82,'Izanami',80,60,448,100,140,463,50); INSERT INTO Affinities (demon_id,ailment,almighty,auxilary,dark,elec,fire,theforce,gun,ice,light,phys,recovery) VALUES(159,0,0,0,5,6,-6,0,0,3,0,0,2); INSERT INTO Resistances (demon_id,dark,elec,fire,theforce,gun,ice,light,phys) VALUES(159,'absorb','-','weak','-','-','null','resist','-'); 
INSERT INTO Demons (demon_id,race,lvl,name,ag,dx,hp,lu,ma,mp,st) VALUES(160,'Fairy',20,'Jack Frost',24,22,163,29,36,137,17); INSERT INTO Affinities (demon_id,ailment,almighty,auxilary,dark,elec,fire,theforce,gun,ice,light,phys,recovery) VALUES(160,0,0,0,0,0,-5,0,0,4,0,0,0); INSERT INTO Resistances (demon_id,dark,elec,fire,theforce,gun,ice,light,phys) VALUES(160,'-','-','weak','-','-','resist','-','-'); 
INSERT INTO Demons (demon_id,race,lvl,name,ag,dx,hp,lu,ma,mp,st) VALUES(161,'Foul',7,'Jack the Ripper',16,12,107,15,11,59,12); INSERT INTO Affinities (demon_id,ailment,almighty,auxilary,dark,elec,fire,theforce,gun,ice,light,phys,recovery) VALUES(161,1,0,-1,1,0,-3,0,0,0,0,3,0); INSERT INTO Resistances (demon_id,dark,elec,fire,theforce,gun,ice,light,phys) VALUES(161,'resist','-','weak','-','-','-','weak','-'); 
INSERT INTO Demons (demon_id,race,lvl,name,ag,dx,hp,lu,ma,mp,st) VALUES(162,'Genma',61,'Jarilo',71,93,559,61,48,201,78); INSERT INTO Affinities (demon_id,ailment,almighty,auxilary,dark,elec,fire,theforce,gun,ice,light,phys,recovery) VALUES(162,0,0,0,0,0,0,0,3,0,0,0,2); INSERT INTO Resistances (demon_id,dark,elec,fire,theforce,gun,ice,light,phys) VALUES(162,'-','weak','-','-','null','-','-','-'); 
INSERT INTO Demons (demon_id,race,lvl,name,ag,dx,hp,lu,ma,mp,st) VALUES(163,'Famed',42,'Jeanne D''Arc',54,39,361,53,66,282,50); INSERT INTO Affinities (demon_id,ailment,almighty,auxilary,dark,elec,fire,theforce,gun,ice,light,phys,recovery) VALUES(163,0,2,2,-2,0,-3,0,0,0,2,0,4); INSERT INTO Resistances (demon_id,dark,elec,fire,theforce,gun,ice,light,phys) VALUES(163,'-','resist','weak','resist','-','resist','-','-'); 
INSERT INTO Demons (demon_id,race,lvl,name,ag,dx,hp,lu,ma,mp,st) VALUES(164,'Kishin',65,'Jikokuten',71,79,628,68,62,276,84); INSERT INTO Affinities (demon_id,ailment,almighty,auxilary,dark,elec,fire,theforce,gun,ice,light,phys,recovery) VALUES(164,0,0,1,0,-5,0,2,0,0,0,4,-2); INSERT INTO Resistances (demon_id,dark,elec,fire,theforce,gun,ice,light,phys) VALUES(164,'-','weak','-','null','-','-','resist','-'); 
INSERT INTO Demons (demon_id,race,lvl,name,ag,dx,hp,lu,ma,mp,st) VALUES(165,'Wilder',26,'Jueyuan',34,34,245,29,29,113,34); INSERT INTO Affinities (demon_id,ailment,almighty,auxilary,dark,elec,fire,theforce,gun,ice,light,phys,recovery) VALUES(165,1,0,-2,0,0,1,-3,0,0,0,2,1); INSERT INTO Resistances (demon_id,dark,elec,fire,theforce,gun,ice,light,phys) VALUES(165,'-','-','resist','weak','-','-','-','-'); 
INSERT INTO Demons (demon_id,race,lvl,name,ag,dx,hp,lu,ma,mp,st) VALUES(166,'Beast',6,'Kabuso',12,11,84,13,16,73,9); INSERT INTO Affinities (demon_id,ailment,almighty,auxilary,dark,elec,fire,theforce,gun,ice,light,phys,recovery) VALUES(166,1,0,-1,0,-3,0,0,0,0,0,0,1); INSERT INTO Resistances (demon_id,dark,elec,fire,theforce,gun,ice,light,phys) VALUES(166,'-','weak','-','-','-','resist','-','-'); 
INSERT INTO Demons (demon_id,race,lvl,name,ag,dx,hp,lu,ma,mp,st) VALUES(167,'Avatar',40,'Kaiming Shou',52,38,462,59,27,176,66); INSERT INTO Affinities (demon_id,ailment,almighty,auxilary,dark,elec,fire,theforce,gun,ice,light,phys,recovery) VALUES(167,0,0,2,-3,0,0,0,0,0,0,2,0); INSERT INTO Resistances (demon_id,dark,elec,fire,theforce,gun,ice,light,phys) VALUES(167,'weak','-','-','-','-','-','null','-'); 
INSERT INTO Demons (demon_id,race,lvl,name,ag,dx,hp,lu,ma,mp,st) VALUES(168,'Night',39,'Kaiwan',58,41,350,52,35,170,41); INSERT INTO Affinities (demon_id,ailment,almighty,auxilary,dark,elec,fire,theforce,gun,ice,light,phys,recovery) VALUES(168,0,0,0,2,0,0,0,0,-3,-3,0,0); INSERT INTO Resistances (demon_id,dark,elec,fire,theforce,gun,ice,light,phys) VALUES(168,'null','-','-','-','-','weak','weak','-'); 
INSERT INTO Demons (demon_id,race,lvl,name,ag,dx,hp,lu,ma,mp,st) VALUES(169,'Femme',75,'Kali',74,70,706,85,50,214,113); INSERT INTO Affinities (demon_id,ailment,almighty,auxilary,dark,elec,fire,theforce,gun,ice,light,phys,recovery) VALUES(169,0,0,-3,0,-2,0,3,-4,0,0,4,0); INSERT INTO Resistances (demon_id,dark,elec,fire,theforce,gun,ice,light,phys) VALUES(169,'-','-','-','absorb','weak','-','-','-'); 
INSERT INTO Demons (demon_id,race,lvl,name,ag,dx,hp,lu,ma,mp,st) VALUES(170,'Enigma',72,'Kama',101,71,539,90,60,284,71); INSERT INTO Affinities (demon_id,ailment,almighty,auxilary,dark,elec,fire,theforce,gun,ice,light,phys,recovery) VALUES(170,1,0,3,0,0,-3,0,4,0,0,0,0); INSERT INTO Resistances (demon_id,dark,elec,fire,theforce,gun,ice,light,phys) VALUES(170,'-','-','weak','-','absorb','-','resist','resist'); 
INSERT INTO Demons (demon_id,race,lvl,name,ag,dx,hp,lu,ma,mp,st) VALUES(171,'Avatar',23,'Kamapua''a',29,26,299,28,17,103,46); INSERT INTO Affinities (demon_id,ailment,almighty,auxilary,dark,elec,fire,theforce,gun,ice,light,phys,recovery) VALUES(171,0,0,1,0,0,0,-3,-4,-3,0,0,2); INSERT INTO Resistances (demon_id,dark,elec,fire,theforce,gun,ice,light,phys) VALUES(171,'weak','resist','resist','weak','weak','weak','-','resist'); 
INSERT INTO Demons (demon_id,race,lvl,name,ag,dx,hp,lu,ma,mp,st) VALUES(172,'Enigma',27,'Kanbari',35,50,278,35,24,105,29); INSERT INTO Affinities (demon_id,ailment,almighty,auxilary,dark,elec,fire,theforce,gun,ice,light,phys,recovery) VALUES(172,0,0,0,-3,0,0,0,0,0,3,3,0); INSERT INTO Resistances (demon_id,dark,elec,fire,theforce,gun,ice,light,phys) VALUES(172,'weak','-','-','-','resist','-','resist','weak'); 
INSERT INTO Demons (demon_id,race,lvl,name,ag,dx,hp,lu,ma,mp,st) VALUES(173,'Enigma',80,'Kangiten',78,70,499,95,120,411,53); INSERT INTO Affinities (demon_id,ailment,almighty,auxilary,dark,elec,fire,theforce,gun,ice,light,phys,recovery) VALUES(173,0,0,0,0,0,1,0,4,-1,0,0,2); INSERT INTO Resistances (demon_id,dark,elec,fire,theforce,gun,ice,light,phys) VALUES(173,'resist','-','-','-','-','-','resist','-'); 
INSERT INTO Demons (demon_id,race,lvl,name,ag,dx,hp,lu,ma,mp,st) VALUES(174,'Famed',67,'Kanseiteikun',81,67,669,84,59,241,107); INSERT INTO Affinities (demon_id,ailment,almighty,auxilary,dark,elec,fire,theforce,gun,ice,light,phys,recovery) VALUES(174,0,0,0,0,0,0,0,0,0,0,4,0); INSERT INTO Resistances (demon_id,dark,elec,fire,theforce,gun,ice,light,phys) VALUES(174,'-','-','-','-','resist','-','-','resist'); 
INSERT INTO Demons (demon_id,race,lvl,name,ag,dx,hp,lu,ma,mp,st) VALUES(175,'Yoma',24,'Karasu Tengu',39,28,220,35,24,118,28); INSERT INTO Affinities (demon_id,ailment,almighty,auxilary,dark,elec,fire,theforce,gun,ice,light,phys,recovery) VALUES(175,2,0,1,0,-3,3,1,-4,0,0,0,0); INSERT INTO Resistances (demon_id,dark,elec,fire,theforce,gun,ice,light,phys) VALUES(175,'-','weak','resist','resist','weak','-','-','-'); 
INSERT INTO Demons (demon_id,race,lvl,name,ag,dx,hp,lu,ma,mp,st) VALUES(176,'Fury',78,'Kartikeya',109,81,629,97,54,325,66); INSERT INTO Affinities (demon_id,ailment,almighty,auxilary,dark,elec,fire,theforce,gun,ice,light,phys,recovery) VALUES(176,0,0,0,0,0,0,0,4,0,0,-2,-3); INSERT INTO Resistances (demon_id,dark,elec,fire,theforce,gun,ice,light,phys) VALUES(176,'resist','-','-','-','null','-','resist','-'); 
INSERT INTO Demons (demon_id,race,lvl,name,ag,dx,hp,lu,ma,mp,st) VALUES(177,'Beast',10,'Kaso',22,14,107,13,19,92,11); INSERT INTO Affinities (demon_id,ailment,almighty,auxilary,dark,elec,fire,theforce,gun,ice,light,phys,recovery) VALUES(177,0,0,0,0,0,2,0,0,-3,0,0,0); INSERT INTO Resistances (demon_id,dark,elec,fire,theforce,gun,ice,light,phys) VALUES(177,'-','-','resist','-','-','weak','-','-'); 
INSERT INTO Demons (demon_id,race,lvl,name,ag,dx,hp,lu,ma,mp,st) VALUES(178,'Food',1,'Katakirauwa',9,6,70,7,6,34,7); INSERT INTO Affinities (demon_id,ailment,almighty,auxilary,dark,elec,fire,theforce,gun,ice,light,phys,recovery) VALUES(178,0,0,0,0,-2,-2,-2,0,-2,-3,0,0); INSERT INTO Resistances (demon_id,dark,elec,fire,theforce,gun,ice,light,phys) VALUES(178,'-','weak','weak','weak','-','weak','weak','weak'); 
INSERT INTO Demons (demon_id,race,lvl,name,ag,dx,hp,lu,ma,mp,st) VALUES(179,'Herald',82,'Kazfiel',114,65,586,96,87,268,105); INSERT INTO Affinities (demon_id,ailment,almighty,auxilary,dark,elec,fire,theforce,gun,ice,light,phys,recovery) VALUES(179,0,0,0,0,-5,-5,5,0,2,3,3,0); INSERT INTO Resistances (demon_id,dark,elec,fire,theforce,gun,ice,light,phys) VALUES(179,'-','weak','weak','null','-','null','repel','-'); 
INSERT INTO Demons (demon_id,race,lvl,name,ag,dx,hp,lu,ma,mp,st) VALUES(180,'Fairy',31,'Kelpie',50,39,322,42,39,144,42); INSERT INTO Affinities (demon_id,ailment,almighty,auxilary,dark,elec,fire,theforce,gun,ice,light,phys,recovery) VALUES(180,0,0,0,0,0,0,0,0,0,0,0,0); INSERT INTO Resistances (demon_id,dark,elec,fire,theforce,gun,ice,light,phys) VALUES(180,'-','-','-','weak','-','resist','-','-'); 
INSERT INTO Demons (demon_id,race,lvl,name,ag,dx,hp,lu,ma,mp,st) VALUES(181,'Night',28,'Kikimora',31,28,208,38,47,173,22); INSERT INTO Affinities (demon_id,ailment,almighty,auxilary,dark,elec,fire,theforce,gun,ice,light,phys,recovery) VALUES(181,0,0,2,0,0,0,0,0,0,0,0,2); INSERT INTO Resistances (demon_id,dark,elec,fire,theforce,gun,ice,light,phys) VALUES(181,'-','-','weak','-','-','resist','-','-'); 
INSERT INTO Demons (demon_id,race,lvl,name,ag,dx,hp,lu,ma,mp,st) VALUES(182,'Nymph',36,'Kikuri-Hime',39,35,252,43,58,239,27); INSERT INTO Affinities (demon_id,ailment,almighty,auxilary,dark,elec,fire,theforce,gun,ice,light,phys,recovery) VALUES(182,0,0,1,-3,-5,0,2,0,0,0,0,3); INSERT INTO Resistances (demon_id,dark,elec,fire,theforce,gun,ice,light,phys) VALUES(182,'weak','weak','-','null','-','-','-','-'); 
INSERT INTO Demons (demon_id,race,lvl,name,ag,dx,hp,lu,ma,mp,st) VALUES(183,'Brute',43,'Kin-Ki',45,38,537,52,28,133,76); INSERT INTO Affinities (demon_id,ailment,almighty,auxilary,dark,elec,fire,theforce,gun,ice,light,phys,recovery) VALUES(183,0,0,1,0,2,0,-5,0,0,0,4,-3); INSERT INTO Resistances (demon_id,dark,elec,fire,theforce,gun,ice,light,phys) VALUES(183,'-','null','-','weak','-','-','-','resist'); 
INSERT INTO Demons (demon_id,race,lvl,name,ag,dx,hp,lu,ma,mp,st) VALUES(184,'Tyrant',30,'King Frost',33,30,319,48,58,233,23); INSERT INTO Affinities (demon_id,ailment,almighty,auxilary,dark,elec,fire,theforce,gun,ice,light,phys,recovery) VALUES(184,1,0,1,0,0,-6,0,0,4,0,0,0); INSERT INTO Resistances (demon_id,dark,elec,fire,theforce,gun,ice,light,phys) VALUES(184,'-','-','weak','-','-','null','resist','-'); 
INSERT INTO Demons (demon_id,race,lvl,name,ag,dx,hp,lu,ma,mp,st) VALUES(185,'Drake',39,'Kingu',58,41,320,52,35,170,41); INSERT INTO Affinities (demon_id,ailment,almighty,auxilary,dark,elec,fire,theforce,gun,ice,light,phys,recovery) VALUES(185,1,0,-2,0,1,-3,2,-4,0,0,0,1); INSERT INTO Resistances (demon_id,dark,elec,fire,theforce,gun,ice,light,phys) VALUES(185,'-','resist','weak','null','weak','-','weak','-'); 
INSERT INTO Demons (demon_id,race,lvl,name,ag,dx,hp,lu,ma,mp,st) VALUES(186,'Enigma',60,'Kinmamon',91,51,603,79,73,220,41); INSERT INTO Affinities (demon_id,ailment,almighty,auxilary,dark,elec,fire,theforce,gun,ice,light,phys,recovery) VALUES(186,2,3,0,0,0,2,0,0,-5,0,0,1); INSERT INTO Resistances (demon_id,dark,elec,fire,theforce,gun,ice,light,phys) VALUES(186,'resist','-','null','-','-','weak','resist','-'); 
INSERT INTO Demons (demon_id,race,lvl,name,ag,dx,hp,lu,ma,mp,st) VALUES(187,'Jirae',17,'Knocker',23,323,182,23,23,85,23); INSERT INTO Affinities (demon_id,ailment,almighty,auxilary,dark,elec,fire,theforce,gun,ice,light,phys,recovery) VALUES(187,0,0,0,0,-3,0,1,0,0,0,0,0); INSERT INTO Resistances (demon_id,dark,elec,fire,theforce,gun,ice,light,phys) VALUES(187,'-','weak','-','resist','-','-','-','-'); 
INSERT INTO Demons (demon_id,race,lvl,name,ag,dx,hp,lu,ma,mp,st) VALUES(188,'Yoma',16,'Koppa Tengu',23,30,171,21,17,133,20); INSERT INTO Affinities (demon_id,ailment,almighty,auxilary,dark,elec,fire,theforce,gun,ice,light,phys,recovery) VALUES(188,0,0,1,0,-3,0,3,-4,0,0,0,0); INSERT INTO Resistances (demon_id,dark,elec,fire,theforce,gun,ice,light,phys) VALUES(188,'-','weak','-','resist','weak','-','-','-'); 
INSERT INTO Demons (demon_id,race,lvl,name,ag,dx,hp,lu,ma,mp,st) VALUES(189,'Kishin',60,'Koumokuten',55,58,710,65,64,176,105); INSERT INTO Affinities (demon_id,ailment,almighty,auxilary,dark,elec,fire,theforce,gun,ice,light,phys,recovery) VALUES(189,0,0,1,0,2,0,-5,0,0,0,4,-2); INSERT INTO Resistances (demon_id,dark,elec,fire,theforce,gun,ice,light,phys) VALUES(189,'-','null','-','weak','-','-','resist','-'); 
INSERT INTO Demons (demon_id,race,lvl,name,ag,dx,hp,lu,ma,mp,st) VALUES(190,'Genma',56,'Kresnik',65,83,601,54,65,167,54); INSERT INTO Affinities (demon_id,ailment,almighty,auxilary,dark,elec,fire,theforce,gun,ice,light,phys,recovery) VALUES(190,0,0,0,0,0,0,0,3,0,3,0,0); INSERT INTO Resistances (demon_id,dark,elec,fire,theforce,gun,ice,light,phys) VALUES(190,'-','-','-','weak','null','-','null','-'); 
INSERT INTO Demons (demon_id,race,lvl,name,ag,dx,hp,lu,ma,mp,st) VALUES(191,'Deity',87,'Krishna',113,89,632,123,133,495,88); INSERT INTO Affinities (demon_id,ailment,almighty,auxilary,dark,elec,fire,theforce,gun,ice,light,phys,recovery) VALUES(191,5,0,3,-3,5,0,5,0,0,0,0,3); INSERT INTO Resistances (demon_id,dark,elec,fire,theforce,gun,ice,light,phys) VALUES(191,'weak','-','-','-','-','-','resist','-'); 
INSERT INTO Demons (demon_id,race,lvl,name,ag,dx,hp,lu,ma,mp,st) VALUES(192,'Food',27,'Kuda',42,30,240,38,26,128,30); INSERT INTO Affinities (demon_id,ailment,almighty,auxilary,dark,elec,fire,theforce,gun,ice,light,phys,recovery) VALUES(192,0,0,0,0,0,0,-3,-3,3,0,0,0); INSERT INTO Resistances (demon_id,dark,elec,fire,theforce,gun,ice,light,phys) VALUES(192,'-','-','-','weak','weak','resist','-','-'); 
INSERT INTO Demons (demon_id,race,lvl,name,ag,dx,hp,lu,ma,mp,st) VALUES(193,'Ghost',66,'Kudlak',73,72,605,66,81,239,75); INSERT INTO Affinities (demon_id,ailment,almighty,auxilary,dark,elec,fire,theforce,gun,ice,light,phys,recovery) VALUES(193,3,0,2,3,0,0,0,-4,0,-3,0,-3); INSERT INTO Resistances (demon_id,dark,elec,fire,theforce,gun,ice,light,phys) VALUES(193,'null','-','resist','-','weak','-','weak','-'); 
INSERT INTO Demons (demon_id,race,lvl,name,ag,dx,hp,lu,ma,mp,st) VALUES(194,'Tree',44,'Kukunochi',51,42,347,68,69,297,35); INSERT INTO Affinities (demon_id,ailment,almighty,auxilary,dark,elec,fire,theforce,gun,ice,light,phys,recovery) VALUES(194,0,0,3,0,0,-3,0,2,0,0,0,0); INSERT INTO Resistances (demon_id,dark,elec,fire,theforce,gun,ice,light,phys) VALUES(194,'-','-','weak','-','null','-','resist','-'); 
INSERT INTO Demons (demon_id,race,lvl,name,ag,dx,hp,lu,ma,mp,st) VALUES(195,'Genma',43,'Kurama Tengu',63,42,376,51,48,213,41); INSERT INTO Affinities (demon_id,ailment,almighty,auxilary,dark,elec,fire,theforce,gun,ice,light,phys,recovery) VALUES(195,0,0,0,0,-5,0,4,-4,0,2,0,0); INSERT INTO Resistances (demon_id,dark,elec,fire,theforce,gun,ice,light,phys) VALUES(195,'-','weak','-','null','weak','-','-','-'); 
INSERT INTO Demons (demon_id,race,lvl,name,ag,dx,hp,lu,ma,mp,st) VALUES(196,'Kunitsu',40,'Kushinada-Hime',57,39,275,50,68,328,30); INSERT INTO Affinities (demon_id,ailment,almighty,auxilary,dark,elec,fire,theforce,gun,ice,light,phys,recovery) VALUES(196,-2,0,1,-3,0,0,0,0,0,3,0,3); INSERT INTO Resistances (demon_id,dark,elec,fire,theforce,gun,ice,light,phys) VALUES(196,'weak','-','-','-','-','-','resist','-'); 
INSERT INTO Demons (demon_id,race,lvl,name,ag,dx,hp,lu,ma,mp,st) VALUES(197,'Jirae',22,'Kwancha',26,23,174,31,38,145,18); INSERT INTO Affinities (demon_id,ailment,almighty,auxilary,dark,elec,fire,theforce,gun,ice,light,phys,recovery) VALUES(197,4,0,-2,0,0,0,-3,0,0,1,0,1); INSERT INTO Resistances (demon_id,dark,elec,fire,theforce,gun,ice,light,phys) VALUES(197,'-','-','-','weak','-','-','-','-'); 
INSERT INTO Demons (demon_id,race,lvl,name,ag,dx,hp,lu,ma,mp,st) VALUES(198,'Femme',41,'Lachesis',52,45,350,42,44,200,50); INSERT INTO Affinities (demon_id,ailment,almighty,auxilary,dark,elec,fire,theforce,gun,ice,light,phys,recovery) VALUES(198,4,0,4,0,2,0,-5,0,0,0,0,0); INSERT INTO Resistances (demon_id,dark,elec,fire,theforce,gun,ice,light,phys) VALUES(198,'-','null','-','weak','-','-','-','-'); 
INSERT INTO Demons (demon_id,race,lvl,name,ag,dx,hp,lu,ma,mp,st) VALUES(199,'Herald',54,'Lailah',55,49,353,66,93,342,38); INSERT INTO Affinities (demon_id,ailment,almighty,auxilary,dark,elec,fire,theforce,gun,ice,light,phys,recovery) VALUES(199,0,0,0,0,-3,0,0,0,0,3,0,2); INSERT INTO Resistances (demon_id,dark,elec,fire,theforce,gun,ice,light,phys) VALUES(199,'weak','weak','-','resist','-','-','null','-'); 
INSERT INTO Demons (demon_id,race,lvl,name,ag,dx,hp,lu,ma,mp,st) VALUES(200,'Megami',77,'Lakshmi',75,67,482,91,115,398,51); INSERT INTO Affinities (demon_id,ailment,almighty,auxilary,dark,elec,fire,theforce,gun,ice,light,phys,recovery) VALUES(200,3,0,0,0,-3,0,3,0,0,0,0,3); INSERT INTO Resistances (demon_id,dark,elec,fire,theforce,gun,ice,light,phys) VALUES(200,'-','weak','-','resist','-','-','null','-'); 
INSERT INTO Demons (demon_id,race,lvl,name,ag,dx,hp,lu,ma,mp,st) VALUES(201,'Famed',49,'Lanling Wang',61,50,538,58,35,198,79); INSERT INTO Affinities (demon_id,ailment,almighty,auxilary,dark,elec,fire,theforce,gun,ice,light,phys,recovery) VALUES(201,0,0,0,0,0,0,0,2,0,0,2,0); INSERT INTO Resistances (demon_id,dark,elec,fire,theforce,gun,ice,light,phys) VALUES(201,'-','resist','-','-','null','-','-','-'); 
INSERT INTO Demons (demon_id,race,lvl,name,ag,dx,hp,lu,ma,mp,st) VALUES(202,'Femme',9,'Leanan Sidhe',14,13,101,17,20,86,11); INSERT INTO Affinities (demon_id,ailment,almighty,auxilary,dark,elec,fire,theforce,gun,ice,light,phys,recovery) VALUES(202,-1,0,0,0,0,0,-3,0,0,0,-1,3); INSERT INTO Resistances (demon_id,dark,elec,fire,theforce,gun,ice,light,phys) VALUES(202,'-','-','-','weak','-','-','-','-'); 
INSERT INTO Demons (demon_id,race,lvl,name,ag,dx,hp,lu,ma,mp,st) VALUES(203,'Spirit',4,'Legion',11,13,101,10,8,40,9); INSERT INTO Affinities (demon_id,ailment,almighty,auxilary,dark,elec,fire,theforce,gun,ice,light,phys,recovery) VALUES(203,2,0,0,0,-3,0,0,0,0,-3,0,-1); INSERT INTO Resistances (demon_id,dark,elec,fire,theforce,gun,ice,light,phys) VALUES(203,'resist','weak','-','-','-','-','weak','-'); 
INSERT INTO Demons (demon_id,race,lvl,name,ag,dx,hp,lu,ma,mp,st) VALUES(204,'Jaki',22,'Lham Dearg',26,25,261,30,18,80,38); INSERT INTO Affinities (demon_id,ailment,almighty,auxilary,dark,elec,fire,theforce,gun,ice,light,phys,recovery) VALUES(204,0,0,0,0,0,0,0,-4,-3,0,4,-2); INSERT INTO Resistances (demon_id,dark,elec,fire,theforce,gun,ice,light,phys) VALUES(204,'-','-','-','-','weak','weak','-','resist'); 
INSERT INTO Demons (demon_id,race,lvl,name,ag,dx,hp,lu,ma,mp,st) VALUES(205,'Night',33,'Lilim',36,32,236,43,54,196,25); INSERT INTO Affinities (demon_id,ailment,almighty,auxilary,dark,elec,fire,theforce,gun,ice,light,phys,recovery) VALUES(205,3,0,0,0,-2,0,2,0,-3,0,0,0); INSERT INTO Resistances (demon_id,dark,elec,fire,theforce,gun,ice,light,phys) VALUES(205,'-','-','-','null','-','weak','-','-'); 
INSERT INTO Demons (demon_id,race,lvl,name,ag,dx,hp,lu,ma,mp,st) VALUES(206,'Tyrant',58,'Loki',63,53,416,83,103,401,43); INSERT INTO Affinities (demon_id,ailment,almighty,auxilary,dark,elec,fire,theforce,gun,ice,light,phys,recovery) VALUES(206,0,0,0,0,3,3,3,0,3,-3,0,0); INSERT INTO Resistances (demon_id,dark,elec,fire,theforce,gun,ice,light,phys) VALUES(206,'resist','-','-','resist','-','null','weak','-'); 
INSERT INTO Demons (demon_id,race,lvl,name,ag,dx,hp,lu,ma,mp,st) VALUES(207,'Dragon',61,'Long',89,61,536,73,73,296,70); INSERT INTO Affinities (demon_id,ailment,almighty,auxilary,dark,elec,fire,theforce,gun,ice,light,phys,recovery) VALUES(207,0,0,1,0,-7,0,5,0,0,0,0,0); INSERT INTO Resistances (demon_id,dark,elec,fire,theforce,gun,ice,light,phys) VALUES(207,'-','weak','-','null','-','resist','-','-'); 
INSERT INTO Demons (demon_id,race,lvl,name,ag,dx,hp,lu,ma,mp,st) VALUES(208,'Deity',48,'Lord Nandou',54,47,529,60,49,196,75); INSERT INTO Affinities (demon_id,ailment,almighty,auxilary,dark,elec,fire,theforce,gun,ice,light,phys,recovery) VALUES(208,0,0,-2,0,0,3,0,0,-5,0,2,1); INSERT INTO Resistances (demon_id,dark,elec,fire,theforce,gun,ice,light,phys) VALUES(208,'-','-','null','-','-','weak','resist','-'); 
INSERT INTO Demons (demon_id,race,lvl,name,ag,dx,hp,lu,ma,mp,st) VALUES(209,'Fairy',58,'Lorelei',53,52,366,71,94,341,40); INSERT INTO Affinities (demon_id,ailment,almighty,auxilary,dark,elec,fire,theforce,gun,ice,light,phys,recovery) VALUES(209,3,0,0,0,-2,-3,2,0,0,0,0,3); INSERT INTO Resistances (demon_id,dark,elec,fire,theforce,gun,ice,light,phys) VALUES(209,'-','weak','-','null','-','-','-','-'); 
INSERT INTO Demons (demon_id,race,lvl,name,ag,dx,hp,lu,ma,mp,st) VALUES(210,'Tyrant',99,'Lucifer',110,145,968,116,111,435,150); INSERT INTO Affinities (demon_id,ailment,almighty,auxilary,dark,elec,fire,theforce,gun,ice,light,phys,recovery) VALUES(210,0,5,0,6,0,0,0,6,6,-6,6,0); INSERT INTO Resistances (demon_id,dark,elec,fire,theforce,gun,ice,light,phys) VALUES(210,'absorb','-','-','-','-','-','weak','-'); 
INSERT INTO Demons (demon_id,race,lvl,name,ag,dx,hp,lu,ma,mp,st) VALUES(211,'Tyrant',73,'Lucifuge',72,64,460,87,110,379,49); INSERT INTO Affinities (demon_id,ailment,almighty,auxilary,dark,elec,fire,theforce,gun,ice,light,phys,recovery) VALUES(211,0,0,2,4,-5,0,3,3,0,0,0,0); INSERT INTO Resistances (demon_id,dark,elec,fire,theforce,gun,ice,light,phys) VALUES(211,'resist','weak','-','repel','repel','-','-','-'); 
INSERT INTO Demons (demon_id,race,lvl,name,ag,dx,hp,lu,ma,mp,st) VALUES(212,'Spirit',45,'Macabre',77,44,374,64,32,289,71); INSERT INTO Affinities (demon_id,ailment,almighty,auxilary,dark,elec,fire,theforce,gun,ice,light,phys,recovery) VALUES(212,6,0,0,1,0,0,0,-3,0,-3,1,-2); INSERT INTO Resistances (demon_id,dark,elec,fire,theforce,gun,ice,light,phys) VALUES(212,'resist','-','-','-','weak','-','weak','-'); 
INSERT INTO Demons (demon_id,race,lvl,name,ag,dx,hp,lu,ma,mp,st) VALUES(213,'Foul',37,'Mad Gasser',55,39,306,49,33,163,39); INSERT INTO Affinities (demon_id,ailment,almighty,auxilary,dark,elec,fire,theforce,gun,ice,light,phys,recovery) VALUES(213,6,0,-3,0,0,0,0,0,0,-3,0,0); INSERT INTO Resistances (demon_id,dark,elec,fire,theforce,gun,ice,light,phys) VALUES(213,'resist','-','-','-','-','-','weak','-'); 
INSERT INTO Demons (demon_id,race,lvl,name,ag,dx,hp,lu,ma,mp,st) VALUES(214,'Deity',67,'Mahamayuri',63,79,506,80,98,381,51); INSERT INTO Affinities (demon_id,ailment,almighty,auxilary,dark,elec,fire,theforce,gun,ice,light,phys,recovery) VALUES(214,0,2,2,0,-6,0,3,-3,0,0,-2,2); INSERT INTO Resistances (demon_id,dark,elec,fire,theforce,gun,ice,light,phys) VALUES(214,'-','weak','resist','null','-','-','resist','-'); 
INSERT INTO Demons (demon_id,race,lvl,name,ag,dx,hp,lu,ma,mp,st) VALUES(215,'Deity',83,'Maitreya',94,94,844,95,119,272,95); INSERT INTO Affinities (demon_id,ailment,almighty,auxilary,dark,elec,fire,theforce,gun,ice,light,phys,recovery) VALUES(215,3,4,2,0,0,-3,0,-3,0,0,4,0); INSERT INTO Resistances (demon_id,dark,elec,fire,theforce,gun,ice,light,phys) VALUES(215,'resist','-','weak','-','weak','resist','null','resist'); 
INSERT INTO Demons (demon_id,race,lvl,name,ag,dx,hp,lu,ma,mp,st) VALUES(216,'Avatar',33,'Makami',50,41,320,45,35,169,36); INSERT INTO Affinities (demon_id,ailment,almighty,auxilary,dark,elec,fire,theforce,gun,ice,light,phys,recovery) VALUES(216,-1,0,0,0,0,0,0,0,0,0,0,3); INSERT INTO Resistances (demon_id,dark,elec,fire,theforce,gun,ice,light,phys) VALUES(216,'weak','-','-','-','-','-','resist','-'); 
INSERT INTO Demons (demon_id,race,lvl,name,ag,dx,hp,lu,ma,mp,st) VALUES(217,'Dragon',13,'Makara',21,18,154,19,22,72,18); INSERT INTO Affinities (demon_id,ailment,almighty,auxilary,dark,elec,fire,theforce,gun,ice,light,phys,recovery) VALUES(217,0,0,1,0,0,-3,0,0,1,0,0,0); INSERT INTO Resistances (demon_id,dark,elec,fire,theforce,gun,ice,light,phys) VALUES(217,'-','-','weak','-','-','resist','-','-'); 
INSERT INTO Demons (demon_id,race,lvl,name,ag,dx,hp,lu,ma,mp,st) VALUES(218,'Food',9,'Mamedanuki',19,14,120,17,12,65,14); INSERT INTO Affinities (demon_id,ailment,almighty,auxilary,dark,elec,fire,theforce,gun,ice,light,phys,recovery) VALUES(218,2,0,0,0,0,0,0,-5,0,0,0,0); INSERT INTO Resistances (demon_id,dark,elec,fire,theforce,gun,ice,light,phys) VALUES(218,'-','-','resist','-','weak','resist','-','-'); 
INSERT INTO Demons (demon_id,race,lvl,name,ag,dx,hp,lu,ma,mp,st) VALUES(219,'Wood',4,'Mandrake',13,8,92,16,8,49,9); INSERT INTO Affinities (demon_id,ailment,almighty,auxilary,dark,elec,fire,theforce,gun,ice,light,phys,recovery) VALUES(219,1,0,0,0,0,-3,0,0,0,0,0,1); INSERT INTO Resistances (demon_id,dark,elec,fire,theforce,gun,ice,light,phys) VALUES(219,'-','-','weak','-','-','-','-','-'); 
INSERT INTO Demons (demon_id,race,lvl,name,ag,dx,hp,lu,ma,mp,st) VALUES(220,'Wilder',45,'Manticore',73,47,360,59,39,191,67); INSERT INTO Affinities (demon_id,ailment,almighty,auxilary,dark,elec,fire,theforce,gun,ice,light,phys,recovery) VALUES(220,3,0,0,0,2,0,-5,1,0,0,2,-1); INSERT INTO Resistances (demon_id,dark,elec,fire,theforce,gun,ice,light,phys) VALUES(220,'-','null','-','weak','weak','-','-','-'); 
INSERT INTO Demons (demon_id,race,lvl,name,ag,dx,hp,lu,ma,mp,st) VALUES(221,'Tyrant',92,'Mara',90,70,899,110,55,215,155); INSERT INTO Affinities (demon_id,ailment,almighty,auxilary,dark,elec,fire,theforce,gun,ice,light,phys,recovery) VALUES(221,3,0,0,0,0,0,0,0,-6,0,5,0); INSERT INTO Resistances (demon_id,dark,elec,fire,theforce,gun,ice,light,phys) VALUES(221,'resist','absorb','-','-','absorb','weak','resist','-'); 
INSERT INTO Demons (demon_id,race,lvl,name,ag,dx,hp,lu,ma,mp,st) VALUES(222,'Kishin',75,'Marishiten',81,82,588,78,80,267,84); INSERT INTO Affinities (demon_id,ailment,almighty,auxilary,dark,elec,fire,theforce,gun,ice,light,phys,recovery) VALUES(222,0,2,2,0,0,-5,0,4,2,0,2,-3); INSERT INTO Resistances (demon_id,dark,elec,fire,theforce,gun,ice,light,phys) VALUES(222,'-','-','null','-','-','-','resist','-'); 
INSERT INTO Demons (demon_id,race,lvl,name,ag,dx,hp,lu,ma,mp,st) VALUES(223,'Herald',93,'Mastema',90,80,802,109,138,470,61); INSERT INTO Affinities (demon_id,ailment,almighty,auxilary,dark,elec,fire,theforce,gun,ice,light,phys,recovery) VALUES(223,1,4,0,0,-5,-5,3,3,4,4,0,0); INSERT INTO Resistances (demon_id,dark,elec,fire,theforce,gun,ice,light,phys) VALUES(223,'-','weak','weak','repel','-','repel','repel','-'); 
INSERT INTO Demons (demon_id,race,lvl,name,ag,dx,hp,lu,ma,mp,st) VALUES(224,'Yoma',61,'Master Therion',65,68,490,67,71,223,64); INSERT INTO Affinities (demon_id,ailment,almighty,auxilary,dark,elec,fire,theforce,gun,ice,light,phys,recovery) VALUES(224,1,0,0,2,0,3,0,0,3,-3,-5,0); INSERT INTO Resistances (demon_id,dark,elec,fire,theforce,gun,ice,light,phys) VALUES(224,'null','-','null','-','weak','null','weak','-'); 
INSERT INTO Demons (demon_id,race,lvl,name,ag,dx,hp,lu,ma,mp,st) VALUES(225,'Fiend',87,'Matador',107,89,814,109,81,334,133); INSERT INTO Affinities (demon_id,ailment,almighty,auxilary,dark,elec,fire,theforce,gun,ice,light,phys,recovery) VALUES(225,0,3,0,0,0,0,0,0,-3,0,5,0); INSERT INTO Resistances (demon_id,dark,elec,fire,theforce,gun,ice,light,phys) VALUES(225,'resist','-','-','-','resist','weak','resist','resist'); 
INSERT INTO Demons (demon_id,race,lvl,name,ag,dx,hp,lu,ma,mp,st) VALUES(226,'Night',77,'Maya',75,67,722,91,115,398,51); INSERT INTO Affinities (demon_id,ailment,almighty,auxilary,dark,elec,fire,theforce,gun,ice,light,phys,recovery) VALUES(226,5,3,1,0,0,0,0,-4,0,0,-5,0); INSERT INTO Resistances (demon_id,dark,elec,fire,theforce,gun,ice,light,phys) VALUES(226,'resist','null','-','-','weak','-','-','-'); 
INSERT INTO Demons (demon_id,race,lvl,name,ag,dx,hp,lu,ma,mp,st) VALUES(227,'Tree',34,'Mayahuel',39,36,261,47,55,231,28); INSERT INTO Affinities (demon_id,ailment,almighty,auxilary,dark,elec,fire,theforce,gun,ice,light,phys,recovery) VALUES(227,0,0,0,0,0,-4,0,2,0,2,-3,5); INSERT INTO Resistances (demon_id,dark,elec,fire,theforce,gun,ice,light,phys) VALUES(227,'-','-','weak','-','null','-','-','-'); 
INSERT INTO Demons (demon_id,race,lvl,name,ag,dx,hp,lu,ma,mp,st) VALUES(228,'Femme',39,'Medusa',54,69,420,46,57,189,39); INSERT INTO Affinities (demon_id,ailment,almighty,auxilary,dark,elec,fire,theforce,gun,ice,light,phys,recovery) VALUES(228,2,0,0,0,3,0,-5,3,0,0,0,0); INSERT INTO Resistances (demon_id,dark,elec,fire,theforce,gun,ice,light,phys) VALUES(228,'-','null','-','weak','resist','-','-','-'); 
INSERT INTO Demons (demon_id,race,lvl,name,ag,dx,hp,lu,ma,mp,st) VALUES(229,'Fallen',13,'Melchom',24,18,147,22,15,80,18); INSERT INTO Affinities (demon_id,ailment,almighty,auxilary,dark,elec,fire,theforce,gun,ice,light,phys,recovery) VALUES(229,-1,0,0,2,0,1,-3,0,-3,0,0,0); INSERT INTO Resistances (demon_id,dark,elec,fire,theforce,gun,ice,light,phys) VALUES(229,'resist','-','resist','weak','-','weak','weak','-'); 
INSERT INTO Demons (demon_id,race,lvl,name,ag,dx,hp,lu,ma,mp,st) VALUES(230,'Tyrant',99,'Mephisto',113,105,968,116,155,435,150); INSERT INTO Affinities (demon_id,ailment,almighty,auxilary,dark,elec,fire,theforce,gun,ice,light,phys,recovery) VALUES(230,0,5,3,8,0,0,0,0,0,-8,6,0); INSERT INTO Resistances (demon_id,dark,elec,fire,theforce,gun,ice,light,phys) VALUES(230,'absorb','-','-','-','null','-','weak','null'); 
INSERT INTO Demons (demon_id,race,lvl,name,ag,dx,hp,lu,ma,mp,st) VALUES(231,'Herald',99,'Merkabah',115,155,926,111,140,403,117); INSERT INTO Affinities (demon_id,ailment,almighty,auxilary,dark,elec,fire,theforce,gun,ice,light,phys,recovery) VALUES(231,0,5,0,-6,6,0,6,6,0,6,0,0); INSERT INTO Resistances (demon_id,dark,elec,fire,theforce,gun,ice,light,phys) VALUES(231,'weak','-','-','-','-','-','absorb','-'); 
INSERT INTO Demons (demon_id,race,lvl,name,ag,dx,hp,lu,ma,mp,st) VALUES(232,'Femme',15,'Mermaid',20,18,135,23,29,114,14); INSERT INTO Affinities (demon_id,ailment,almighty,auxilary,dark,elec,fire,theforce,gun,ice,light,phys,recovery) VALUES(232,1,0,1,0,-5,0,1,0,3,0,-2,1); INSERT INTO Resistances (demon_id,dark,elec,fire,theforce,gun,ice,light,phys) VALUES(232,'-','weak','-','resist','-','resist','-','-'); 
INSERT INTO Demons (demon_id,race,lvl,name,ag,dx,hp,lu,ma,mp,st) VALUES(233,'Herald',98,'Metatron',93,128,1149,93,143,390,128); INSERT INTO Affinities (demon_id,ailment,almighty,auxilary,dark,elec,fire,theforce,gun,ice,light,phys,recovery) VALUES(233,0,6,0,0,-3,0,0,0,0,5,0,0); INSERT INTO Resistances (demon_id,dark,elec,fire,theforce,gun,ice,light,phys) VALUES(233,'resist','weak','resist','resist','resist','resist','repel','resist'); 
INSERT INTO Demons (demon_id,race,lvl,name,ag,dx,hp,lu,ma,mp,st) VALUES(234,'Vile',37,'Mishaguji',44,63,355,36,31,134,37); INSERT INTO Affinities (demon_id,ailment,almighty,auxilary,dark,elec,fire,theforce,gun,ice,light,phys,recovery) VALUES(234,1,0,1,2,3,0,-6,0,0,0,0,0); INSERT INTO Resistances (demon_id,dark,elec,fire,theforce,gun,ice,light,phys) VALUES(234,'null','null','-','weak','-','-','weak','-'); 
INSERT INTO Demons (demon_id,race,lvl,name,ag,dx,hp,lu,ma,mp,st) VALUES(235,'Fury',96,'Mitra-Buddha',107,107,955,108,132,333,108); INSERT INTO Affinities (demon_id,ailment,almighty,auxilary,dark,elec,fire,theforce,gun,ice,light,phys,recovery) VALUES(235,0,5,0,0,0,-3,-3,0,6,0,6,0); INSERT INTO Resistances (demon_id,dark,elec,fire,theforce,gun,ice,light,phys) VALUES(235,'null','-','weak','weak','-','resist','null','resist'); 
INSERT INTO Demons (demon_id,race,lvl,name,ag,dx,hp,lu,ma,mp,st) VALUES(236,'Tyrant',21,'Mithras',25,24,272,29,24,108,37); INSERT INTO Affinities (demon_id,ailment,almighty,auxilary,dark,elec,fire,theforce,gun,ice,light,phys,recovery) VALUES(236,0,0,0,0,0,0,0,0,-3,0,2,0); INSERT INTO Resistances (demon_id,dark,elec,fire,theforce,gun,ice,light,phys) VALUES(236,'-','-','resist','-','-','weak','resist','-'); 
INSERT INTO Demons (demon_id,race,lvl,name,ag,dx,hp,lu,ma,mp,st) VALUES(237,'Raptor',12,'Moh Shuvuu',17,15,110,23,30,126,10); INSERT INTO Affinities (demon_id,ailment,almighty,auxilary,dark,elec,fire,theforce,gun,ice,light,phys,recovery) VALUES(237,1,0,0,0,0,-3,2,-4,0,0,0,1); INSERT INTO Resistances (demon_id,dark,elec,fire,theforce,gun,ice,light,phys) VALUES(237,'-','-','weak','resist','weak','-','-','-'); 
INSERT INTO Demons (demon_id,race,lvl,name,ag,dx,hp,lu,ma,mp,st) VALUES(238,'Night',18,'Mokoi',31,20,180,27,22,97,22); INSERT INTO Affinities (demon_id,ailment,almighty,auxilary,dark,elec,fire,theforce,gun,ice,light,phys,recovery) VALUES(238,1,0,-1,0,2,0,-3,0,0,0,2,0); INSERT INTO Resistances (demon_id,dark,elec,fire,theforce,gun,ice,light,phys) VALUES(238,'-','resist','-','weak','-','-','-','-'); 
INSERT INTO Demons (demon_id,race,lvl,name,ag,dx,hp,lu,ma,mp,st) VALUES(239,'Brute',25,'Momunofu',29,27,286,33,20,88,43); INSERT INTO Affinities (demon_id,ailment,almighty,auxilary,dark,elec,fire,theforce,gun,ice,light,phys,recovery) VALUES(239,-6,0,0,0,0,0,0,0,0,0,3,-2); INSERT INTO Resistances (demon_id,dark,elec,fire,theforce,gun,ice,light,phys) VALUES(239,'-','-','-','weak','resist','-','-','resist'); 
INSERT INTO Demons (demon_id,race,lvl,name,ag,dx,hp,lu,ma,mp,st) VALUES(240,'Tyrant',14,'Morax',19,20,214,21,16,60,29); INSERT INTO Affinities (demon_id,ailment,almighty,auxilary,dark,elec,fire,theforce,gun,ice,light,phys,recovery) VALUES(240,-1,0,0,0,0,2,0,0,-3,0,1,0); INSERT INTO Resistances (demon_id,dark,elec,fire,theforce,gun,ice,light,phys) VALUES(240,'resist','-','resist','-','-','weak','weak','-'); 
INSERT INTO Demons (demon_id,race,lvl,name,ag,dx,hp,lu,ma,mp,st) VALUES(241,'Reaper',89,'Mot',83,64,701,118,138,466,57); INSERT INTO Affinities (demon_id,ailment,almighty,auxilary,dark,elec,fire,theforce,gun,ice,light,phys,recovery) VALUES(241,0,4,0,4,-6,0,4,0,0,0,0,0); INSERT INTO Resistances (demon_id,dark,elec,fire,theforce,gun,ice,light,phys) VALUES(241,'repel','weak','resist','repel','-','-','-','-'); 
INSERT INTO Demons (demon_id,race,lvl,name,ag,dx,hp,lu,ma,mp,st) VALUES(242,'Fiend',99,'Mother Harlot',109,88,805,134,164,523,82); INSERT INTO Affinities (demon_id,ailment,almighty,auxilary,dark,elec,fire,theforce,gun,ice,light,phys,recovery) VALUES(242,4,6,0,0,0,0,0,0,0,0,0,0); INSERT INTO Resistances (demon_id,dark,elec,fire,theforce,gun,ice,light,phys) VALUES(242,'resist','absorb','-','weak','-','-','resist','null'); 
INSERT INTO Demons (demon_id,race,lvl,name,ag,dx,hp,lu,ma,mp,st) VALUES(243,'Vermin',11,'Mothman',22,16,133,20,14,73,16); INSERT INTO Affinities (demon_id,ailment,almighty,auxilary,dark,elec,fire,theforce,gun,ice,light,phys,recovery) VALUES(243,4,0,1,0,0,0,-3,-4,0,0,0,0); INSERT INTO Resistances (demon_id,dark,elec,fire,theforce,gun,ice,light,phys) VALUES(243,'-','resist','-','weak','weak','-','-','-'); 
INSERT INTO Demons (demon_id,race,lvl,name,ag,dx,hp,lu,ma,mp,st) VALUES(244,'Ghost',23,'Mou-Ryo',27,24,180,32,40,150,19); INSERT INTO Affinities (demon_id,ailment,almighty,auxilary,dark,elec,fire,theforce,gun,ice,light,phys,recovery) VALUES(244,1,0,0,3,0,0,0,0,0,-3,0,-1); INSERT INTO Resistances (demon_id,dark,elec,fire,theforce,gun,ice,light,phys) VALUES(244,'null','-','-','-','-','-','weak','-'); 
INSERT INTO Demons (demon_id,race,lvl,name,ag,dx,hp,lu,ma,mp,st) VALUES(245,'Fallen',63,'Murmur',79,69,554,64,69,215,84); INSERT INTO Affinities (demon_id,ailment,almighty,auxilary,dark,elec,fire,theforce,gun,ice,light,phys,recovery) VALUES(245,-2,0,0,3,3,-3,1,0,0,0,2,0); INSERT INTO Resistances (demon_id,dark,elec,fire,theforce,gun,ice,light,phys) VALUES(245,'resist','repel','weak','resist','-','-','weak','-'); 
INSERT INTO Demons (demon_id,race,lvl,name,ag,dx,hp,lu,ma,mp,st) VALUES(246,'Drake',47,'Mushussu',68,40,373,56,59,197,48); INSERT INTO Affinities (demon_id,ailment,almighty,auxilary,dark,elec,fire,theforce,gun,ice,light,phys,recovery) VALUES(246,-2,0,-3,0,4,0,-7,0,0,0,0,1); INSERT INTO Resistances (demon_id,dark,elec,fire,theforce,gun,ice,light,phys) VALUES(246,'-','null','-','weak','-','-','weak','-'); 
INSERT INTO Demons (demon_id,race,lvl,name,ag,dx,hp,lu,ma,mp,st) VALUES(247,'Vermin',29,'Myrmecolion',37,48,293,32,26,110,31); INSERT INTO Affinities (demon_id,ailment,almighty,auxilary,dark,elec,fire,theforce,gun,ice,light,phys,recovery) VALUES(247,0,0,1,0,-3,0,2,-4,0,0,2,1); INSERT INTO Resistances (demon_id,dark,elec,fire,theforce,gun,ice,light,phys) VALUES(247,'-','weak','-','resist','weak','-','-','-'); 
INSERT INTO Demons (demon_id,race,lvl,name,ag,dx,hp,lu,ma,mp,st) VALUES(248,'Fairy',6,'Nadja',9,15,97,12,15,63,9); INSERT INTO Affinities (demon_id,ailment,almighty,auxilary,dark,elec,fire,theforce,gun,ice,light,phys,recovery) VALUES(248,0,0,0,0,0,0,1,0,-3,0,0,2); INSERT INTO Resistances (demon_id,dark,elec,fire,theforce,gun,ice,light,phys) VALUES(248,'-','-','-','resist','-','weak','-','-'); 
INSERT INTO Demons (demon_id,race,lvl,name,ag,dx,hp,lu,ma,mp,st) VALUES(249,'Snake',19,'Naga',26,22,206,27,17,73,34); INSERT INTO Affinities (demon_id,ailment,almighty,auxilary,dark,elec,fire,theforce,gun,ice,light,phys,recovery) VALUES(249,-1,0,0,0,0,-3,0,0,1,0,2,0); INSERT INTO Resistances (demon_id,dark,elec,fire,theforce,gun,ice,light,phys) VALUES(249,'weak','resist','weak','weak','-','resist','-','-'); 
INSERT INTO Demons (demon_id,race,lvl,name,ag,dx,hp,lu,ma,mp,st) VALUES(250,'Fairy',12,'Napaea',22,13,130,15,19,113,11); INSERT INTO Affinities (demon_id,ailment,almighty,auxilary,dark,elec,fire,theforce,gun,ice,light,phys,recovery) VALUES(250,1,0,0,0,0,1,3,0,-3,0,0,0); INSERT INTO Resistances (demon_id,dark,elec,fire,theforce,gun,ice,light,phys) VALUES(250,'-','-','-','resist','-','weak','-','-'); 
INSERT INTO Demons (demon_id,race,lvl,name,ag,dx,hp,lu,ma,mp,st) VALUES(251,'Tree',29,'Narcissus',32,29,213,45,51,227,23); INSERT INTO Affinities (demon_id,ailment,almighty,auxilary,dark,elec,fire,theforce,gun,ice,light,phys,recovery) VALUES(251,2,0,2,0,-2,-3,4,0,2,0,-2,0); INSERT INTO Resistances (demon_id,dark,elec,fire,theforce,gun,ice,light,phys) VALUES(251,'-','-','weak','null','resist','-','-','-'); 
INSERT INTO Demons (demon_id,race,lvl,name,ag,dx,hp,lu,ma,mp,st) VALUES(252,'Genma',23,'Nata Taishi',32,21,239,34,19,83,40); INSERT INTO Affinities (demon_id,ailment,almighty,auxilary,dark,elec,fire,theforce,gun,ice,light,phys,recovery) VALUES(252,1,0,1,0,0,0,0,0,0,0,3,0); INSERT INTO Resistances (demon_id,dark,elec,fire,theforce,gun,ice,light,phys) VALUES(252,'-','-','-','-','resist','-','-','-'); 
INSERT INTO Demons (demon_id,race,lvl,name,ag,dx,hp,lu,ma,mp,st) VALUES(253,'Fallen',46,'Nebiros',48,43,308,57,72,256,33); INSERT INTO Affinities (demon_id,ailment,almighty,auxilary,dark,elec,fire,theforce,gun,ice,light,phys,recovery) VALUES(253,-3,1,0,4,0,0,-3,0,0,-3,0,0); INSERT INTO Resistances (demon_id,dark,elec,fire,theforce,gun,ice,light,phys) VALUES(253,'resist','-','-','weak','weak','-','weak','null'); 
INSERT INTO Demons (demon_id,race,lvl,name,ag,dx,hp,lu,ma,mp,st) VALUES(254,'Beast',35,'Nekomata',53,38,293,47,32,156,38); INSERT INTO Affinities (demon_id,ailment,almighty,auxilary,dark,elec,fire,theforce,gun,ice,light,phys,recovery) VALUES(254,0,0,0,0,-5,2,2,0,-5,0,2,0); INSERT INTO Resistances (demon_id,dark,elec,fire,theforce,gun,ice,light,phys) VALUES(254,'-','weak','resist','null','-','weak','-','-'); 
INSERT INTO Demons (demon_id,race,lvl,name,ag,dx,hp,lu,ma,mp,st) VALUES(255,'Reaper',81,'Nergal',76,83,786,97,51,246,123); INSERT INTO Affinities (demon_id,ailment,almighty,auxilary,dark,elec,fire,theforce,gun,ice,light,phys,recovery) VALUES(255,5,0,-2,3,0,0,0,0,-3,0,4,0); INSERT INTO Resistances (demon_id,dark,elec,fire,theforce,gun,ice,light,phys) VALUES(255,'repel','-','resist','-','-','weak','resist','-'); 
INSERT INTO Demons (demon_id,race,lvl,name,ag,dx,hp,lu,ma,mp,st) VALUES(256,'Drake',60,'Niddhoggr',66,92,682,52,63,198,69); INSERT INTO Affinities (demon_id,ailment,almighty,auxilary,dark,elec,fire,theforce,gun,ice,light,phys,recovery) VALUES(256,0,0,0,0,-3,-2,0,2,3,-3,2,0); INSERT INTO Resistances (demon_id,dark,elec,fire,theforce,gun,ice,light,phys) VALUES(256,'-','weak','-','-','resist','repel','weak','resist'); 
INSERT INTO Demons (demon_id,race,lvl,name,ag,dx,hp,lu,ma,mp,st) VALUES(257,'Foul',22,'Night Stalker',36,26,207,32,22,110,26); INSERT INTO Affinities (demon_id,ailment,almighty,auxilary,dark,elec,fire,theforce,gun,ice,light,phys,recovery) VALUES(257,0,0,0,0,0,0,0,0,0,-3,2,0); INSERT INTO Resistances (demon_id,dark,elec,fire,theforce,gun,ice,light,phys) VALUES(257,'-','-','-','-','-','-','weak','-'); 
INSERT INTO Demons (demon_id,race,lvl,name,ag,dx,hp,lu,ma,mp,st) VALUES(258,'Megami',69,'Norn',68,48,522,83,96,345,75); INSERT INTO Affinities (demon_id,ailment,almighty,auxilary,dark,elec,fire,theforce,gun,ice,light,phys,recovery) VALUES(258,0,0,3,0,0,0,0,0,0,0,0,3); INSERT INTO Resistances (demon_id,dark,elec,fire,theforce,gun,ice,light,phys) VALUES(258,'null','-','-','-','-','-','null','-'); 
INSERT INTO Demons (demon_id,race,lvl,name,ag,dx,hp,lu,ma,mp,st) VALUES(259,'Snake',23,'Nozuchi',26,26,369,26,23,103,25); INSERT INTO Affinities (demon_id,ailment,almighty,auxilary,dark,elec,fire,theforce,gun,ice,light,phys,recovery) VALUES(259,0,0,3,0,1,-3,-3,0,0,0,0,0); INSERT INTO Resistances (demon_id,dark,elec,fire,theforce,gun,ice,light,phys) VALUES(259,'weak','resist','weak','weak','-','resist','-','resist'); 
INSERT INTO Demons (demon_id,race,lvl,name,ag,dx,hp,lu,ma,mp,st) VALUES(260,'Wilder',39,'Nue',39,34,404,48,36,124,62); INSERT INTO Affinities (demon_id,ailment,almighty,auxilary,dark,elec,fire,theforce,gun,ice,light,phys,recovery) VALUES(260,0,0,0,0,3,0,-3,-4,0,0,0,0); INSERT INTO Resistances (demon_id,dark,elec,fire,theforce,gun,ice,light,phys) VALUES(260,'-','resist','-','weak','weak','-','-','-'); 
INSERT INTO Demons (demon_id,race,lvl,name,ag,dx,hp,lu,ma,mp,st) VALUES(261,'Ghost',18,'Obariyon',31,22,180,28,19,97,22); INSERT INTO Affinities (demon_id,ailment,almighty,auxilary,dark,elec,fire,theforce,gun,ice,light,phys,recovery) VALUES(261,1,0,0,1,0,0,0,0,-3,0,1,1); INSERT INTO Resistances (demon_id,dark,elec,fire,theforce,gun,ice,light,phys) VALUES(261,'null','resist','-','-','-','weak','weak','-'); 
INSERT INTO Demons (demon_id,race,lvl,name,ag,dx,hp,lu,ma,mp,st) VALUES(262,'Fairy',64,'Oberon',79,59,439,85,85,428,51); INSERT INTO Affinities (demon_id,ailment,almighty,auxilary,dark,elec,fire,theforce,gun,ice,light,phys,recovery) VALUES(262,0,0,2,0,-4,0,3,0,0,0,0,2); INSERT INTO Resistances (demon_id,dark,elec,fire,theforce,gun,ice,light,phys) VALUES(262,'-','weak','-','absorb','-','-','-','-'); 
INSERT INTO Demons (demon_id,race,lvl,name,ag,dx,hp,lu,ma,mp,st) VALUES(263,'Deity',85,'Odin',96,81,728,89,126,312,130); INSERT INTO Affinities (demon_id,ailment,almighty,auxilary,dark,elec,fire,theforce,gun,ice,light,phys,recovery) VALUES(263,0,0,0,0,7,0,-7,0,0,0,5,0); INSERT INTO Resistances (demon_id,dark,elec,fire,theforce,gun,ice,light,phys) VALUES(263,'resist','repel','-','weak','repel','-','resist','-'); 
INSERT INTO Demons (demon_id,race,lvl,name,ag,dx,hp,lu,ma,mp,st) VALUES(264,'Jaki',45,'Ogre',47,44,524,54,32,99,71); INSERT INTO Affinities (demon_id,ailment,almighty,auxilary,dark,elec,fire,theforce,gun,ice,light,phys,recovery) VALUES(264,-2,0,0,0,-3,0,0,0,0,0,4,-3); INSERT INTO Resistances (demon_id,dark,elec,fire,theforce,gun,ice,light,phys) VALUES(264,'-','weak','-','resist','-','-','-','resist'); 
INSERT INTO Demons (demon_id,race,lvl,name,ag,dx,hp,lu,ma,mp,st) VALUES(265,'Zealot',24,'Ogun',32,46,255,28,17,97,36); INSERT INTO Affinities (demon_id,ailment,almighty,auxilary,dark,elec,fire,theforce,gun,ice,light,phys,recovery) VALUES(265,2,0,0,0,0,0,0,3,0,0,3,1); INSERT INTO Resistances (demon_id,dark,elec,fire,theforce,gun,ice,light,phys) VALUES(265,'-','-','resist','-','-','-','-','-'); 
INSERT INTO Demons (demon_id,race,lvl,name,ag,dx,hp,lu,ma,mp,st) VALUES(266,'Vermin',34,'Okiku-Mushi',37,58,332,37,29,155,35); INSERT INTO Affinities (demon_id,ailment,almighty,auxilary,dark,elec,fire,theforce,gun,ice,light,phys,recovery) VALUES(266,1,0,1,2,0,0,-3,3,-3,-3,0,0); INSERT INTO Resistances (demon_id,dark,elec,fire,theforce,gun,ice,light,phys) VALUES(266,'-','null','-','weak','resist','weak','weak','-'); 
INSERT INTO Demons (demon_id,race,lvl,name,ag,dx,hp,lu,ma,mp,st) VALUES(267,'Kunitsu',30,'Okuninushi',38,42,378,38,23,101,50); INSERT INTO Affinities (demon_id,ailment,almighty,auxilary,dark,elec,fire,theforce,gun,ice,light,phys,recovery) VALUES(267,0,0,0,0,0,0,0,0,-3,0,2,4); INSERT INTO Resistances (demon_id,dark,elec,fire,theforce,gun,ice,light,phys) VALUES(267,'resist','-','-','-','-','weak','resist','-'); 
INSERT INTO Demons (demon_id,race,lvl,name,ag,dx,hp,lu,ma,mp,st) VALUES(268,'Deity',59,'Ometeotl',93,51,493,75,83,319,49); INSERT INTO Affinities (demon_id,ailment,almighty,auxilary,dark,elec,fire,theforce,gun,ice,light,phys,recovery) VALUES(268,0,0,-3,0,0,3,0,0,3,0,-5,1); INSERT INTO Resistances (demon_id,dark,elec,fire,theforce,gun,ice,light,phys) VALUES(268,'-','-','resist','-','-','resist','-','-'); 
INSERT INTO Demons (demon_id,race,lvl,name,ag,dx,hp,lu,ma,mp,st) VALUES(269,'Brute',78,'Ongyo-Ki',76,72,731,89,52,222,117); INSERT INTO Affinities (demon_id,ailment,almighty,auxilary,dark,elec,fire,theforce,gun,ice,light,phys,recovery) VALUES(269,2,0,0,0,0,0,0,0,0,-4,3,0); INSERT INTO Resistances (demon_id,dark,elec,fire,theforce,gun,ice,light,phys) VALUES(269,'-','-','-','resist','resist','resist','weak','resist'); 
INSERT INTO Demons (demon_id,race,lvl,name,ag,dx,hp,lu,ma,mp,st) VALUES(270,'Brute',13,'Oni',15,17,245,20,10,58,30); INSERT INTO Affinities (demon_id,ailment,almighty,auxilary,dark,elec,fire,theforce,gun,ice,light,phys,recovery) VALUES(270,-3,0,0,0,-3,0,0,0,0,0,3,-1); INSERT INTO Resistances (demon_id,dark,elec,fire,theforce,gun,ice,light,phys) VALUES(270,'-','weak','-','-','-','-','-','-'); 
INSERT INTO Demons (demon_id,race,lvl,name,ag,dx,hp,lu,ma,mp,st) VALUES(271,'Food',5,'Onmoraki',12,15,98,11,10,53,9); INSERT INTO Affinities (demon_id,ailment,almighty,auxilary,dark,elec,fire,theforce,gun,ice,light,phys,recovery) VALUES(271,0,0,0,0,0,2,0,-4,-3,0,0,0); INSERT INTO Resistances (demon_id,dark,elec,fire,theforce,gun,ice,light,phys) VALUES(271,'-','-','-','-','weak','weak','-','-'); 
INSERT INTO Demons (demon_id,race,lvl,name,ag,dx,hp,lu,ma,mp,st) VALUES(272,'Reaper',50,'Orcus',31,46,501,62,78,275,70); INSERT INTO Affinities (demon_id,ailment,almighty,auxilary,dark,elec,fire,theforce,gun,ice,light,phys,recovery) VALUES(272,0,0,3,3,-5,-3,2,0,0,0,0,0); INSERT INTO Resistances (demon_id,dark,elec,fire,theforce,gun,ice,light,phys) VALUES(272,'null','weak','weak','null','-','resist','-','resist'); 
INSERT INTO Demons (demon_id,race,lvl,name,ag,dx,hp,lu,ma,mp,st) VALUES(273,'Fallen',38,'Orias',49,44,329,39,46,121,47); INSERT INTO Affinities (demon_id,ailment,almighty,auxilary,dark,elec,fire,theforce,gun,ice,light,phys,recovery) VALUES(273,2,0,0,1,0,2,0,0,-3,0,0,1); INSERT INTO Resistances (demon_id,dark,elec,fire,theforce,gun,ice,light,phys) VALUES(273,'resist','-','resist','-','-','weak','weak','-'); 
INSERT INTO Demons (demon_id,race,lvl,name,ag,dx,hp,lu,ma,mp,st) VALUES(274,'Snake',51,'Orochi',59,50,554,67,38,204,86); INSERT INTO Affinities (demon_id,ailment,almighty,auxilary,dark,elec,fire,theforce,gun,ice,light,phys,recovery) VALUES(274,-7,0,0,0,-3,3,0,0,3,0,3,1); INSERT INTO Resistances (demon_id,dark,elec,fire,theforce,gun,ice,light,phys) VALUES(274,'-','weak','null','-','-','null','-','-'); 
INSERT INTO Demons (demon_id,race,lvl,name,ag,dx,hp,lu,ma,mp,st) VALUES(275,'Beast',52,'Orthrus',71,42,553,46,62,156,80); INSERT INTO Affinities (demon_id,ailment,almighty,auxilary,dark,elec,fire,theforce,gun,ice,light,phys,recovery) VALUES(275,0,0,0,0,0,3,0,0,-6,0,3,0); INSERT INTO Resistances (demon_id,dark,elec,fire,theforce,gun,ice,light,phys) VALUES(275,'resist','-','null','-','-','weak','-','-'); 
INSERT INTO Demons (demon_id,race,lvl,name,ag,dx,hp,lu,ma,mp,st) VALUES(276,'Fallen',32,'Ose',40,33,345,40,24,106,52); INSERT INTO Affinities (demon_id,ailment,almighty,auxilary,dark,elec,fire,theforce,gun,ice,light,phys,recovery) VALUES(276,-3,0,0,0,0,0,0,0,0,0,3,0); INSERT INTO Resistances (demon_id,dark,elec,fire,theforce,gun,ice,light,phys) VALUES(276,'resist','-','-','-','-','-','-','-'); 
INSERT INTO Demons (demon_id,race,lvl,name,ag,dx,hp,lu,ma,mp,st) VALUES(277,'Deity',53,'Osiris',67,56,494,61,72,258,64); INSERT INTO Affinities (demon_id,ailment,almighty,auxilary,dark,elec,fire,theforce,gun,ice,light,phys,recovery) VALUES(277,0,0,2,4,0,0,0,0,0,-2,0,-3); INSERT INTO Resistances (demon_id,dark,elec,fire,theforce,gun,ice,light,phys) VALUES(277,'resist','-','-','-','-','-','-','resist'); 
INSERT INTO Demons (demon_id,race,lvl,name,ag,dx,hp,lu,ma,mp,st) VALUES(278,'Kunitsu',65,'Oumitsunu',65,61,659,75,44,244,97); INSERT INTO Affinities (demon_id,ailment,almighty,auxilary,dark,elec,fire,theforce,gun,ice,light,phys,recovery) VALUES(278,0,0,0,0,0,0,-5,0,0,0,3,0); INSERT INTO Resistances (demon_id,dark,elec,fire,theforce,gun,ice,light,phys) VALUES(278,'-','absorb','-','weak','-','-','-','-'); 
INSERT INTO Demons (demon_id,race,lvl,name,ag,dx,hp,lu,ma,mp,st) VALUES(279,'Snake',47,'Ouroboros',55,53,392,48,52,179,57); INSERT INTO Affinities (demon_id,ailment,almighty,auxilary,dark,elec,fire,theforce,gun,ice,light,phys,recovery) VALUES(279,0,2,1,0,0,0,0,0,0,-3,-4,1); INSERT INTO Resistances (demon_id,dark,elec,fire,theforce,gun,ice,light,phys) VALUES(279,'weak','resist','resist','resist','-','resist','weak','-'); 
INSERT INTO Demons (demon_id,race,lvl,name,ag,dx,hp,lu,ma,mp,st) VALUES(280,'Holy',24,'Pabilsag',32,41,255,28,22,97,26); INSERT INTO Affinities (demon_id,ailment,almighty,auxilary,dark,elec,fire,theforce,gun,ice,light,phys,recovery) VALUES(280,1,0,0,0,-3,0,0,2,0,0,0,0); INSERT INTO Resistances (demon_id,dark,elec,fire,theforce,gun,ice,light,phys) VALUES(280,'weak','weak','-','resist','resist','-','-','-'); 
INSERT INTO Demons (demon_id,race,lvl,name,ag,dx,hp,lu,ma,mp,st) VALUES(281,'Vile',47,'Pachacamac',44,43,314,65,73,260,28); INSERT INTO Affinities (demon_id,ailment,almighty,auxilary,dark,elec,fire,theforce,gun,ice,light,phys,recovery) VALUES(281,-2,0,1,2,-5,0,2,-4,0,0,0,0); INSERT INTO Resistances (demon_id,dark,elec,fire,theforce,gun,ice,light,phys) VALUES(281,'null','weak','-','null','weak','-','-','-'); 
INSERT INTO Demons (demon_id,race,lvl,name,ag,dx,hp,lu,ma,mp,st) VALUES(282,'Fiend',95,'Pale Rider',115,108,773,112,141,355,118); INSERT INTO Affinities (demon_id,ailment,almighty,auxilary,dark,elec,fire,theforce,gun,ice,light,phys,recovery) VALUES(282,5,3,2,0,-5,0,6,0,0,0,6,0); INSERT INTO Resistances (demon_id,dark,elec,fire,theforce,gun,ice,light,phys) VALUES(282,'resist','weak','-','repel','-','resist','resist','-'); 
INSERT INTO Demons (demon_id,race,lvl,name,ag,dx,hp,lu,ma,mp,st) VALUES(283,'Vile',73,'Pales',102,65,646,91,60,288,107); INSERT INTO Affinities (demon_id,ailment,almighty,auxilary,dark,elec,fire,theforce,gun,ice,light,phys,recovery) VALUES(283,4,0,0,3,0,-5,0,0,2,0,0,0); INSERT INTO Resistances (demon_id,dark,elec,fire,theforce,gun,ice,light,phys) VALUES(283,'absorb','-','weak','-','-','null','resist','-'); 
INSERT INTO Demons (demon_id,race,lvl,name,ag,dx,hp,lu,ma,mp,st) VALUES(284,'Megami',51,'Pallas Athena',67,49,544,75,36,224,79); INSERT INTO Affinities (demon_id,ailment,almighty,auxilary,dark,elec,fire,theforce,gun,ice,light,phys,recovery) VALUES(284,0,1,1,-3,0,0,0,0,0,1,3,1); INSERT INTO Resistances (demon_id,dark,elec,fire,theforce,gun,ice,light,phys) VALUES(284,'weak','-','-','-','null','-','null','resist'); 
INSERT INTO Demons (demon_id,race,lvl,name,ag,dx,hp,lu,ma,mp,st) VALUES(285,'Megami',25,'Parvati',33,26,191,34,43,210,20); INSERT INTO Affinities (demon_id,ailment,almighty,auxilary,dark,elec,fire,theforce,gun,ice,light,phys,recovery) VALUES(285,0,0,1,0,0,-3,0,0,0,2,-3,2); INSERT INTO Resistances (demon_id,dark,elec,fire,theforce,gun,ice,light,phys) VALUES(285,'resist','-','weak','-','-','resist','resist','-'); 
INSERT INTO Demons (demon_id,race,lvl,name,ag,dx,hp,lu,ma,mp,st) VALUES(286,'Dragon',20,'Patrimpas',29,22,163,24,36,137,17); INSERT INTO Affinities (demon_id,ailment,almighty,auxilary,dark,elec,fire,theforce,gun,ice,light,phys,recovery) VALUES(286,-1,0,0,-3,0,-3,1,0,0,0,0,4); INSERT INTO Resistances (demon_id,dark,elec,fire,theforce,gun,ice,light,phys) VALUES(286,'weak','-','weak','resist','-','resist','-','-'); 
INSERT INTO Demons (demon_id,race,lvl,name,ag,dx,hp,lu,ma,mp,st) VALUES(287,'Undead',45,'Patriot',54,71,416,47,37,156,44); INSERT INTO Affinities (demon_id,ailment,almighty,auxilary,dark,elec,fire,theforce,gun,ice,light,phys,recovery) VALUES(287,2,0,1,2,0,-3,0,2,0,0,0,-5); INSERT INTO Resistances (demon_id,dark,elec,fire,theforce,gun,ice,light,phys) VALUES(287,'null','-','weak','-','resist','-','-','-'); 
INSERT INTO Demons (demon_id,race,lvl,name,ag,dx,hp,lu,ma,mp,st) VALUES(288,'Wilder',17,'Peallaidh',21,19,206,25,31,114,15); INSERT INTO Affinities (demon_id,ailment,almighty,auxilary,dark,elec,fire,theforce,gun,ice,light,phys,recovery) VALUES(288,4,0,-1,2,0,-3,0,0,0,-3,0,0); INSERT INTO Resistances (demon_id,dark,elec,fire,theforce,gun,ice,light,phys) VALUES(288,'-','-','weak','-','-','resist','weak','-'); 
INSERT INTO Demons (demon_id,race,lvl,name,ag,dx,hp,lu,ma,mp,st) VALUES(289,'Lady',7,'Pele',11,11,105,15,20,82,10); INSERT INTO Affinities (demon_id,ailment,almighty,auxilary,dark,elec,fire,theforce,gun,ice,light,phys,recovery) VALUES(289,0,0,0,0,0,2,0,0,-3,0,0,2); INSERT INTO Resistances (demon_id,dark,elec,fire,theforce,gun,ice,light,phys) VALUES(289,'-','-','resist','-','-','weak','-','-'); 
INSERT INTO Demons (demon_id,race,lvl,name,ag,dx,hp,lu,ma,mp,st) VALUES(290,'Snake',66,'Pendragon',66,62,710,76,45,192,100); INSERT INTO Affinities (demon_id,ailment,almighty,auxilary,dark,elec,fire,theforce,gun,ice,light,phys,recovery) VALUES(290,0,0,0,0,2,-2,-2,-4,3,0,3,0); INSERT INTO Resistances (demon_id,dark,elec,fire,theforce,gun,ice,light,phys) VALUES(290,'weak','null','-','-','weak','repel','-','-'); 
INSERT INTO Demons (demon_id,race,lvl,name,ag,dx,hp,lu,ma,mp,st) VALUES(291,'Nymph',62,'Peri',66,65,517,77,81,261,63); INSERT INTO Affinities (demon_id,ailment,almighty,auxilary,dark,elec,fire,theforce,gun,ice,light,phys,recovery) VALUES(291,0,0,0,-5,0,2,0,0,-5,2,0,4); INSERT INTO Resistances (demon_id,dark,elec,fire,theforce,gun,ice,light,phys) VALUES(291,'weak','-','null','-','-','weak','null','-'); 
INSERT INTO Demons (demon_id,race,lvl,name,ag,dx,hp,lu,ma,mp,st) VALUES(292,'Reaper',57,'Persephone',53,51,370,69,87,306,39); INSERT INTO Affinities (demon_id,ailment,almighty,auxilary,dark,elec,fire,theforce,gun,ice,light,phys,recovery) VALUES(292,2,0,-2,3,-3,-2,0,0,2,0,0,0); INSERT INTO Resistances (demon_id,dark,elec,fire,theforce,gun,ice,light,phys) VALUES(292,'null','weak','-','-','-','null','-','-'); 
INSERT INTO Demons (demon_id,race,lvl,name,ag,dx,hp,lu,ma,mp,st) VALUES(293,'Avian',24,'Phoenix',39,28,250,40,24,138,28); INSERT INTO Affinities (demon_id,ailment,almighty,auxilary,dark,elec,fire,theforce,gun,ice,light,phys,recovery) VALUES(293,0,0,0,0,0,4,0,0,-4,0,0,1); INSERT INTO Resistances (demon_id,dark,elec,fire,theforce,gun,ice,light,phys) VALUES(293,'-','-','resist','-','weak','weak','resist','-'); 
INSERT INTO Demons (demon_id,race,lvl,name,ag,dx,hp,lu,ma,mp,st) VALUES(294,'Spirit',54,'Pisaca',78,55,459,69,46,222,70); INSERT INTO Affinities (demon_id,ailment,almighty,auxilary,dark,elec,fire,theforce,gun,ice,light,phys,recovery) VALUES(294,5,0,2,2,-2,-3,2,0,0,-3,0,-3); INSERT INTO Resistances (demon_id,dark,elec,fire,theforce,gun,ice,light,phys) VALUES(294,'resist','-','weak','null','-','-','weak','-'); 
INSERT INTO Demons (demon_id,race,lvl,name,ag,dx,hp,lu,ma,mp,st) VALUES(295,'Fairy',9,'Pixie',22,13,101,15,19,86,11); INSERT INTO Affinities (demon_id,ailment,almighty,auxilary,dark,elec,fire,theforce,gun,ice,light,phys,recovery) VALUES(295,0,0,0,0,1,0,0,0,0,0,0,1); INSERT INTO Resistances (demon_id,dark,elec,fire,theforce,gun,ice,light,phys) VALUES(295,'weak','resist','-','-','-','-','-','-'); 
INSERT INTO Demons (demon_id,race,lvl,name,ag,dx,hp,lu,ma,mp,st) VALUES(296,'Spirit',19,'Poltergeist',25,23,157,28,32,132,15); INSERT INTO Affinities (demon_id,ailment,almighty,auxilary,dark,elec,fire,theforce,gun,ice,light,phys,recovery) VALUES(296,1,0,1,0,0,0,-4,2,0,-3,0,-2); INSERT INTO Resistances (demon_id,dark,elec,fire,theforce,gun,ice,light,phys) VALUES(296,'-','-','-','weak','-','-','weak','-'); 
INSERT INTO Demons (demon_id,race,lvl,name,ag,dx,hp,lu,ma,mp,st) VALUES(297,'Wilder',7,'Porewit',14,14,112,11,11,53,15); INSERT INTO Affinities (demon_id,ailment,almighty,auxilary,dark,elec,fire,theforce,gun,ice,light,phys,recovery) VALUES(297,0,0,-1,0,0,3,0,0,-3,0,0,0); INSERT INTO Resistances (demon_id,dark,elec,fire,theforce,gun,ice,light,phys) VALUES(297,'-','-','resist','-','-','weak','-','-'); 
INSERT INTO Demons (demon_id,race,lvl,name,ag,dx,hp,lu,ma,mp,st) VALUES(298,'Divine',33,'Power',26,34,403,36,43,128,54); INSERT INTO Affinities (demon_id,ailment,almighty,auxilary,dark,elec,fire,theforce,gun,ice,light,phys,recovery) VALUES(298,0,1,0,-6,0,0,-3,1,0,3,4,1); INSERT INTO Resistances (demon_id,dark,elec,fire,theforce,gun,ice,light,phys) VALUES(298,'weak','resist','-','weak','-','-','null','-'); 
INSERT INTO Demons (demon_id,race,lvl,name,ag,dx,hp,lu,ma,mp,st) VALUES(299,'Ghost',11,'Preta',17,17,140,17,17,66,17); INSERT INTO Affinities (demon_id,ailment,almighty,auxilary,dark,elec,fire,theforce,gun,ice,light,phys,recovery) VALUES(299,1,0,0,3,0,-3,-3,0,2,-3,0,-1); INSERT INTO Resistances (demon_id,dark,elec,fire,theforce,gun,ice,light,phys) VALUES(299,'null','-','weak','weak','-','resist','weak','-'); 
INSERT INTO Demons (demon_id,race,lvl,name,ag,dx,hp,lu,ma,mp,st) VALUES(300,'Divine',26,'Principality',30,27,226,38,54,184,21); INSERT INTO Affinities (demon_id,ailment,almighty,auxilary,dark,elec,fire,theforce,gun,ice,light,phys,recovery) VALUES(300,0,0,0,-5,0,0,0,-4,0,4,0,0); INSERT INTO Resistances (demon_id,dark,elec,fire,theforce,gun,ice,light,phys) VALUES(300,'weak','-','-','-','weak','-','null','-'); 
INSERT INTO Demons (demon_id,race,lvl,name,ag,dx,hp,lu,ma,mp,st) VALUES(301,'Deity',40,'Prometheus',27,38,425,51,66,228,54); INSERT INTO Affinities (demon_id,ailment,almighty,auxilary,dark,elec,fire,theforce,gun,ice,light,phys,recovery) VALUES(301,-1,0,-2,0,0,5,0,0,-7,0,0,1); INSERT INTO Resistances (demon_id,dark,elec,fire,theforce,gun,ice,light,phys) VALUES(301,'-','-','null','-','-','weak','resist','-'); 
INSERT INTO Demons (demon_id,race,lvl,name,ag,dx,hp,lu,ma,mp,st) VALUES(302,'Fairy',25,'Pyro Jack',29,26,191,34,43,160,20); INSERT INTO Affinities (demon_id,ailment,almighty,auxilary,dark,elec,fire,theforce,gun,ice,light,phys,recovery) VALUES(302,0,0,0,0,0,5,0,0,-5,-1,0,0); INSERT INTO Resistances (demon_id,dark,elec,fire,theforce,gun,ice,light,phys) VALUES(302,'-','-','resist','-','-','weak','-','-'); 
INSERT INTO Demons (demon_id,race,lvl,name,ag,dx,hp,lu,ma,mp,st) VALUES(303,'Drake',70,'Python',98,59,566,79,85,288,59); INSERT INTO Affinities (demon_id,ailment,almighty,auxilary,dark,elec,fire,theforce,gun,ice,light,phys,recovery) VALUES(303,4,0,1,3,3,0,-5,0,0,-3,0,0); INSERT INTO Resistances (demon_id,dark,elec,fire,theforce,gun,ice,light,phys) VALUES(303,'-','null','-','weak','-','null','weak','-'); 
INSERT INTO Demons (demon_id,race,lvl,name,ag,dx,hp,lu,ma,mp,st) VALUES(304,'Holy',29,'Qing Niugai',29,29,390,37,21,98,48); INSERT INTO Affinities (demon_id,ailment,almighty,auxilary,dark,elec,fire,theforce,gun,ice,light,phys,recovery) VALUES(304,-2,0,2,-3,0,0,0,0,0,0,2,0); INSERT INTO Resistances (demon_id,dark,elec,fire,theforce,gun,ice,light,phys) VALUES(304,'unknown','resist','-','weak','-','-','-','resist'); 
INSERT INTO Demons (demon_id,race,lvl,name,ag,dx,hp,lu,ma,mp,st) VALUES(305,'Night',61,'Queen Mab',87,56,596,77,76,246,61); INSERT INTO Affinities (demon_id,ailment,almighty,auxilary,dark,elec,fire,theforce,gun,ice,light,phys,recovery) VALUES(305,3,0,-2,0,-2,0,3,0,0,0,-4,3); INSERT INTO Resistances (demon_id,dark,elec,fire,theforce,gun,ice,light,phys) VALUES(305,'-','weak','resist','resist','-','resist','-','-'); 
INSERT INTO Demons (demon_id,race,lvl,name,ag,dx,hp,lu,ma,mp,st) VALUES(306,'Dragon',67,'Quetzalcoatl',76,68,622,69,85,282,79); INSERT INTO Affinities (demon_id,ailment,almighty,auxilary,dark,elec,fire,theforce,gun,ice,light,phys,recovery) VALUES(306,0,0,2,-3,0,4,4,0,0,0,0,0); INSERT INTO Resistances (demon_id,dark,elec,fire,theforce,gun,ice,light,phys) VALUES(306,'weak','-','resist','resist','-','-','resist','resist'); 
INSERT INTO Demons (demon_id,race,lvl,name,ag,dx,hp,lu,ma,mp,st) VALUES(307,'Spirit',25,'Quicksilver',40,29,227,36,24,121,29); INSERT INTO Affinities (demon_id,ailment,almighty,auxilary,dark,elec,fire,theforce,gun,ice,light,phys,recovery) VALUES(307,2,0,0,0,3,0,-4,0,0,-3,0,-2); INSERT INTO Resistances (demon_id,dark,elec,fire,theforce,gun,ice,light,phys) VALUES(307,'-','resist','-','weak','resist','-','weak','-'); 
INSERT INTO Demons (demon_id,race,lvl,name,ag,dx,hp,lu,ma,mp,st) VALUES(308,'Wilder',33,'Raijuu',50,36,280,45,30,149,36); INSERT INTO Affinities (demon_id,ailment,almighty,auxilary,dark,elec,fire,theforce,gun,ice,light,phys,recovery) VALUES(308,0,0,0,0,1,0,-3,0,0,0,1,-2); INSERT INTO Resistances (demon_id,dark,elec,fire,theforce,gun,ice,light,phys) VALUES(308,'-','resist','-','weak','resist','-','-','-'); 
INSERT INTO Demons (demon_id,race,lvl,name,ag,dx,hp,lu,ma,mp,st) VALUES(309,'Jaki',38,'Rakshasa',45,38,355,50,28,121,59); INSERT INTO Affinities (demon_id,ailment,almighty,auxilary,dark,elec,fire,theforce,gun,ice,light,phys,recovery) VALUES(309,0,0,1,0,0,0,-3,0,0,-3,3,-2); INSERT INTO Resistances (demon_id,dark,elec,fire,theforce,gun,ice,light,phys) VALUES(309,'-','-','-','-','resist','-','weak','-'); 
INSERT INTO Demons (demon_id,race,lvl,name,ag,dx,hp,lu,ma,mp,st) VALUES(310,'Famed',74,'Rama',73,69,698,87,50,212,111); INSERT INTO Affinities (demon_id,ailment,almighty,auxilary,dark,elec,fire,theforce,gun,ice,light,phys,recovery) VALUES(310,0,0,0,-2,0,0,0,0,3,-2,4,0); INSERT INTO Resistances (demon_id,dark,elec,fire,theforce,gun,ice,light,phys) VALUES(310,'-','-','null','-','-','-','-','-'); 
INSERT INTO Demons (demon_id,race,lvl,name,ag,dx,hp,lu,ma,mp,st) VALUES(311,'Femme',68,'Rangda',77,45,562,82,89,356,64); INSERT INTO Affinities (demon_id,ailment,almighty,auxilary,dark,elec,fire,theforce,gun,ice,light,phys,recovery) VALUES(311,0,0,-3,0,-3,0,3,0,0,0,2,1); INSERT INTO Resistances (demon_id,dark,elec,fire,theforce,gun,ice,light,phys) VALUES(311,'-','weak','-','-','-','-','-','repel'); 
INSERT INTO Demons (demon_id,race,lvl,name,ag,dx,hp,lu,ma,mp,st) VALUES(312,'Fiend',91,'Red Rider',98,90,870,116,103,263,152); INSERT INTO Affinities (demon_id,ailment,almighty,auxilary,dark,elec,fire,theforce,gun,ice,light,phys,recovery) VALUES(312,2,3,0,0,0,6,0,0,-5,0,6,0); INSERT INTO Resistances (demon_id,dark,elec,fire,theforce,gun,ice,light,phys) VALUES(312,'resist','-','repel','-','resist','weak','resist','-'); 
INSERT INTO Demons (demon_id,race,lvl,name,ag,dx,hp,lu,ma,mp,st) VALUES(313,'Flight',47,'Rukh',56,85,532,48,38,162,46); INSERT INTO Affinities (demon_id,ailment,almighty,auxilary,dark,elec,fire,theforce,gun,ice,light,phys,recovery) VALUES(313,0,0,1,0,1,-3,0,4,0,0,0,0); INSERT INTO Resistances (demon_id,dark,elec,fire,theforce,gun,ice,light,phys) VALUES(313,'weak','-','weak','resist','resist','-','-','-'); 
INSERT INTO Demons (demon_id,race,lvl,name,ag,dx,hp,lu,ma,mp,st) VALUES(314,'Element',36,'Salamander',42,42,345,42,49,164,49); INSERT INTO Affinities (demon_id,ailment,almighty,auxilary,dark,elec,fire,theforce,gun,ice,light,phys,recovery) VALUES(314,1,0,0,0,0,5,0,0,-7,0,0,0); INSERT INTO Resistances (demon_id,dark,elec,fire,theforce,gun,ice,light,phys) VALUES(314,'-','-','null','-','-','weak','-','-'); 
INSERT INTO Demons (demon_id,race,lvl,name,ag,dx,hp,lu,ma,mp,st) VALUES(315,'Fallen',90,'Samael',94,72,704,110,137,446,64); INSERT INTO Affinities (demon_id,ailment,almighty,auxilary,dark,elec,fire,theforce,gun,ice,light,phys,recovery) VALUES(315,2,4,2,0,0,0,0,0,0,-3,0,1); INSERT INTO Resistances (demon_id,dark,elec,fire,theforce,gun,ice,light,phys) VALUES(315,'resist','-','-','-','-','-','weak','-'); 
INSERT INTO Demons (demon_id,race,lvl,name,ag,dx,hp,lu,ma,mp,st) VALUES(316,'Tyrant',76,'Samyaza',75,67,476,90,114,392,51); INSERT INTO Affinities (demon_id,ailment,almighty,auxilary,dark,elec,fire,theforce,gun,ice,light,phys,recovery) VALUES(316,4,1,0,2,5,-3,5,0,-3,0,0,0); INSERT INTO Resistances (demon_id,dark,elec,fire,theforce,gun,ice,light,phys) VALUES(316,'null','null','weak','null','-','weak','-','-'); 
INSERT INTO Demons (demon_id,race,lvl,name,ag,dx,hp,lu,ma,mp,st) VALUES(317,'Night',10,'Sandman',20,15,127,18,13,70,15); INSERT INTO Affinities (demon_id,ailment,almighty,auxilary,dark,elec,fire,theforce,gun,ice,light,phys,recovery) VALUES(317,0,0,0,0,-3,0,0,1,0,0,0,0); INSERT INTO Resistances (demon_id,dark,elec,fire,theforce,gun,ice,light,phys) VALUES(317,'-','weak','-','resist','-','-','-','-'); 
INSERT INTO Demons (demon_id,race,lvl,name,ag,dx,hp,lu,ma,mp,st) VALUES(318,'Nymph',48,'Sarasvati',49,44,320,60,75,264,34); INSERT INTO Affinities (demon_id,ailment,almighty,auxilary,dark,elec,fire,theforce,gun,ice,light,phys,recovery) VALUES(318,-2,0,1,0,0,-5,0,0,3,0,0,0); INSERT INTO Resistances (demon_id,dark,elec,fire,theforce,gun,ice,light,phys) VALUES(318,'weak','-','weak','-','-','null','-','-'); 
INSERT INTO Demons (demon_id,race,lvl,name,ag,dx,hp,lu,ma,mp,st) VALUES(319,'Primal',120,'Satan',138,116,1253,123,191,722,178); INSERT INTO Affinities (demon_id,ailment,almighty,auxilary,dark,elec,fire,theforce,gun,ice,light,phys,recovery) VALUES(319,0,8,0,0,0,8,0,6,0,0,8,0); INSERT INTO Resistances (demon_id,dark,elec,fire,theforce,gun,ice,light,phys) VALUES(319,'absorb','-','absorb','-','resist','-','absorb','resist'); 
INSERT INTO Demons (demon_id,race,lvl,name,ag,dx,hp,lu,ma,mp,st) VALUES(320,'Megami',39,'Scathach',46,49,404,48,34,154,62); INSERT INTO Affinities (demon_id,ailment,almighty,auxilary,dark,elec,fire,theforce,gun,ice,light,phys,recovery) VALUES(320,0,0,0,0,-5,0,2,2,0,0,1,0); INSERT INTO Resistances (demon_id,dark,elec,fire,theforce,gun,ice,light,phys) VALUES(320,'-','weak','-','null','resist','-','resist','-'); 
INSERT INTO Demons (demon_id,race,lvl,name,ag,dx,hp,lu,ma,mp,st) VALUES(321,'Lady',27,'Sedna',30,29,353,45,21,93,45); INSERT INTO Affinities (demon_id,ailment,almighty,auxilary,dark,elec,fire,theforce,gun,ice,light,phys,recovery) VALUES(321,0,0,0,2,0,-3,0,0,3,-3,0,3); INSERT INTO Resistances (demon_id,dark,elec,fire,theforce,gun,ice,light,phys) VALUES(321,'resist','-','weak','-','-','resist','weak','-'); 
INSERT INTO Demons (demon_id,race,lvl,name,ag,dx,hp,lu,ma,mp,st) VALUES(322,'Nymph',26,'Senri',30,27,196,35,44,164,21); INSERT INTO Affinities (demon_id,ailment,almighty,auxilary,dark,elec,fire,theforce,gun,ice,light,phys,recovery) VALUES(322,0,0,1,-3,-3,0,2,0,0,0,-2,1); INSERT INTO Resistances (demon_id,dark,elec,fire,theforce,gun,ice,light,phys) VALUES(322,'weak','weak','-','resist','-','-','-','-'); 
INSERT INTO Demons (demon_id,race,lvl,name,ag,dx,hp,lu,ma,mp,st) VALUES(323,'Herald',94,'Seraph',91,111,827,110,139,475,62); INSERT INTO Affinities (demon_id,ailment,almighty,auxilary,dark,elec,fire,theforce,gun,ice,light,phys,recovery) VALUES(323,0,0,0,0,0,6,0,4,-5,3,0,3); INSERT INTO Resistances (demon_id,dark,elec,fire,theforce,gun,ice,light,phys) VALUES(323,'resist','-','absorb','-','resist','weak','absorb','resist'); 
INSERT INTO Demons (demon_id,race,lvl,name,ag,dx,hp,lu,ma,mp,st) VALUES(324,'Fairy',35,'Setanta',43,36,340,43,26,113,57); INSERT INTO Affinities (demon_id,ailment,almighty,auxilary,dark,elec,fire,theforce,gun,ice,light,phys,recovery) VALUES(324,-3,0,1,0,-5,0,2,3,0,0,3,0); INSERT INTO Resistances (demon_id,dark,elec,fire,theforce,gun,ice,light,phys) VALUES(324,'weak','weak','-','null','-','-','-','-'); 
INSERT INTO Demons (demon_id,race,lvl,name,ag,dx,hp,lu,ma,mp,st) VALUES(325,'Vile',80,'Seth',75,79,798,94,51,307,122); INSERT INTO Affinities (demon_id,ailment,almighty,auxilary,dark,elec,fire,theforce,gun,ice,light,phys,recovery) VALUES(325,4,0,1,0,0,-4,4,0,0,0,4,0); INSERT INTO Resistances (demon_id,dark,elec,fire,theforce,gun,ice,light,phys) VALUES(325,'absorb','null','weak','null','-','-','-','-'); 
INSERT INTO Demons (demon_id,race,lvl,name,ag,dx,hp,lu,ma,mp,st) VALUES(326,'Wood',11,'Shan Xiao',22,16,133,20,14,73,16); INSERT INTO Affinities (demon_id,ailment,almighty,auxilary,dark,elec,fire,theforce,gun,ice,light,phys,recovery) VALUES(326,1,0,0,0,0,-3,0,0,0,0,1,0); INSERT INTO Resistances (demon_id,dark,elec,fire,theforce,gun,ice,light,phys) VALUES(326,'-','-','weak','-','-','resist','-','-'); 
INSERT INTO Demons (demon_id,race,lvl,name,ag,dx,hp,lu,ma,mp,st) VALUES(327,'Fallen',74,'Shax',85,65,515,86,97,395,71); INSERT INTO Affinities (demon_id,ailment,almighty,auxilary,dark,elec,fire,theforce,gun,ice,light,phys,recovery) VALUES(327,2,0,1,0,-5,-2,5,-4,3,0,0,0); INSERT INTO Resistances (demon_id,dark,elec,fire,theforce,gun,ice,light,phys) VALUES(327,'resist','weak','-','repel','weak','null','-','-'); 
INSERT INTO Demons (demon_id,race,lvl,name,ag,dx,hp,lu,ma,mp,st) VALUES(328,'Avatar',14,'Shiisaa',25,22,173,23,15,83,22); INSERT INTO Affinities (demon_id,ailment,almighty,auxilary,dark,elec,fire,theforce,gun,ice,light,phys,recovery) VALUES(328,0,0,0,-3,-1,0,4,0,0,0,0,0); INSERT INTO Resistances (demon_id,dark,elec,fire,theforce,gun,ice,light,phys) VALUES(328,'weak','-','resist','resist','-','-','-','-'); 
INSERT INTO Demons (demon_id,race,lvl,name,ag,dx,hp,lu,ma,mp,st) VALUES(329,'Femme',23,'Shikome',31,40,247,27,22,93,26); INSERT INTO Affinities (demon_id,ailment,almighty,auxilary,dark,elec,fire,theforce,gun,ice,light,phys,recovery) VALUES(329,1,0,0,1,0,-3,0,3,0,-3,0,0); INSERT INTO Resistances (demon_id,dark,elec,fire,theforce,gun,ice,light,phys) VALUES(329,'resist','-','weak','-','resist','-','weak','-'); 
INSERT INTO Demons (demon_id,race,lvl,name,ag,dx,hp,lu,ma,mp,st) VALUES(330,'Fury',95,'Shiva',100,92,887,96,68,358,155); INSERT INTO Affinities (demon_id,ailment,almighty,auxilary,dark,elec,fire,theforce,gun,ice,light,phys,recovery) VALUES(330,-5,3,2,0,3,3,0,4,0,0,7,-2); INSERT INTO Resistances (demon_id,dark,elec,fire,theforce,gun,ice,light,phys) VALUES(330,'-','absorb','absorb','-','-','-','-','resist'); 
INSERT INTO Demons (demon_id,race,lvl,name,ag,dx,hp,lu,ma,mp,st) VALUES(331,'Yoma',38,'Shiwanna',48,42,329,43,47,131,44); INSERT INTO Affinities (demon_id,ailment,almighty,auxilary,dark,elec,fire,theforce,gun,ice,light,phys,recovery) VALUES(331,2,0,0,0,0,-5,0,0,2,0,0,0); INSERT INTO Resistances (demon_id,dark,elec,fire,theforce,gun,ice,light,phys) VALUES(331,'weak','-','weak','-','resist','null','-','-'); 
INSERT INTO Demons (demon_id,race,lvl,name,ag,dx,hp,lu,ma,mp,st) VALUES(332,'Famed',62,'Siegfried',70,64,747,82,44,161,105); INSERT INTO Affinities (demon_id,ailment,almighty,auxilary,dark,elec,fire,theforce,gun,ice,light,phys,recovery) VALUES(332,0,0,1,0,0,0,0,-5,0,0,4,0); INSERT INTO Resistances (demon_id,dark,elec,fire,theforce,gun,ice,light,phys) VALUES(332,'-','-','-','-','weak','-','-','absorb'); 
INSERT INTO Demons (demon_id,race,lvl,name,ag,dx,hp,lu,ma,mp,st) VALUES(333,'Fairy',44,'Silky',51,44,317,61,73,267,27); INSERT INTO Affinities (demon_id,ailment,almighty,auxilary,dark,elec,fire,theforce,gun,ice,light,phys,recovery) VALUES(333,2,0,0,0,0,-5,0,0,2,0,-3,2); INSERT INTO Resistances (demon_id,dark,elec,fire,theforce,gun,ice,light,phys) VALUES(333,'-','-','weak','-','-','null','-','-'); 
INSERT INTO Demons (demon_id,race,lvl,name,ag,dx,hp,lu,ma,mp,st) VALUES(334,'Lady',73,'Skadi',79,68,480,93,115,409,52); INSERT INTO Affinities (demon_id,ailment,almighty,auxilary,dark,elec,fire,theforce,gun,ice,light,phys,recovery) VALUES(334,1,0,0,3,0,-5,0,0,3,0,0,1); INSERT INTO Resistances (demon_id,dark,elec,fire,theforce,gun,ice,light,phys) VALUES(334,'-','-','weak','-','-','absorb','-','-'); 
INSERT INTO Demons (demon_id,race,lvl,name,ag,dx,hp,lu,ma,mp,st) VALUES(335,'Wood',31,'Skogsra',39,29,224,38,51,188,24); INSERT INTO Affinities (demon_id,ailment,almighty,auxilary,dark,elec,fire,theforce,gun,ice,light,phys,recovery) VALUES(335,0,0,1,0,0,-3,2,0,0,0,0,0); INSERT INTO Resistances (demon_id,dark,elec,fire,theforce,gun,ice,light,phys) VALUES(335,'-','-','weak','resist','resist','-','-','-'); 
INSERT INTO Demons (demon_id,race,lvl,name,ag,dx,hp,lu,ma,mp,st) VALUES(336,'Holy',55,'Sleipnir',79,54,506,83,75,285,51); INSERT INTO Affinities (demon_id,ailment,almighty,auxilary,dark,elec,fire,theforce,gun,ice,light,phys,recovery) VALUES(336,0,0,2,0,-3,0,0,-4,0,3,0,2); INSERT INTO Resistances (demon_id,dark,elec,fire,theforce,gun,ice,light,phys) VALUES(336,'-','-','weak','-','weak','-','resist','-'); 
INSERT INTO Demons (demon_id,race,lvl,name,ag,dx,hp,lu,ma,mp,st) VALUES(337,'Foul',2,'Slime',9,8,35,8,7,37,8); INSERT INTO Affinities (demon_id,ailment,almighty,auxilary,dark,elec,fire,theforce,gun,ice,light,phys,recovery) VALUES(337,2,0,-1,0,-3,-3,-3,0,-3,-3,0,0); INSERT INTO Resistances (demon_id,dark,elec,fire,theforce,gun,ice,light,phys) VALUES(337,'-','weak','weak','weak','-','weak','weak','weak'); 
INSERT INTO Demons (demon_id,race,lvl,name,ag,dx,hp,lu,ma,mp,st) VALUES(338,'Holy',71,'Sphinx',70,63,578,85,107,400,48); INSERT INTO Affinities (demon_id,ailment,almighty,auxilary,dark,elec,fire,theforce,gun,ice,light,phys,recovery) VALUES(338,-2,0,0,-5,0,0,0,3,-5,3,0,4); INSERT INTO Resistances (demon_id,dark,elec,fire,theforce,gun,ice,light,phys) VALUES(338,'weak','-','null','-','absorb','weak','repel','-'); 
INSERT INTO Demons (demon_id,race,lvl,name,ag,dx,hp,lu,ma,mp,st) VALUES(339,'Fairy',14,'Spriggan',15,17,304,21,8,50,29); INSERT INTO Affinities (demon_id,ailment,almighty,auxilary,dark,elec,fire,theforce,gun,ice,light,phys,recovery) VALUES(339,1,0,1,-3,0,0,0,-1,0,-5,2,0); INSERT INTO Resistances (demon_id,dark,elec,fire,theforce,gun,ice,light,phys) VALUES(339,'weak','resist','-','-','-','-','weak','resist'); 
INSERT INTO Demons (demon_id,race,lvl,name,ag,dx,hp,lu,ma,mp,st) VALUES(340,'Herald',86,'Sraosha',92,100,532,101,113,498,62); INSERT INTO Affinities (demon_id,ailment,almighty,auxilary,dark,elec,fire,theforce,gun,ice,light,phys,recovery) VALUES(340,0,2,0,0,0,0,-3,0,0,3,0,3); INSERT INTO Resistances (demon_id,dark,elec,fire,theforce,gun,ice,light,phys) VALUES(340,'-','resist','-','weak','-','resist','absorb','-'); 
INSERT INTO Demons (demon_id,race,lvl,name,ag,dx,hp,lu,ma,mp,st) VALUES(341,'Beast',26,'Stonka',41,30,233,37,25,125,30); INSERT INTO Affinities (demon_id,ailment,almighty,auxilary,dark,elec,fire,theforce,gun,ice,light,phys,recovery) VALUES(341,-1,0,0,0,0,0,-3,-2,0,0,2,0); INSERT INTO Resistances (demon_id,dark,elec,fire,theforce,gun,ice,light,phys) VALUES(341,'-','resist','-','weak','weak','-','-','-'); 
INSERT INTO Demons (demon_id,race,lvl,name,ag,dx,hp,lu,ma,mp,st) VALUES(342,'Ghost',6,'Strigoii',15,12,81,14,10,55,12); INSERT INTO Affinities (demon_id,ailment,almighty,auxilary,dark,elec,fire,theforce,gun,ice,light,phys,recovery) VALUES(342,0,0,0,1,0,0,0,-4,0,-3,0,-1); INSERT INTO Resistances (demon_id,dark,elec,fire,theforce,gun,ice,light,phys) VALUES(342,'resist','-','-','-','weak','-','weak','-'); 
INSERT INTO Demons (demon_id,race,lvl,name,ag,dx,hp,lu,ma,mp,st) VALUES(343,'Femme',17,'Strix',22,28,182,13,25,85,27); INSERT INTO Affinities (demon_id,ailment,almighty,auxilary,dark,elec,fire,theforce,gun,ice,light,phys,recovery) VALUES(343,1,0,0,0,-3,0,0,-4,1,0,0,0); INSERT INTO Resistances (demon_id,dark,elec,fire,theforce,gun,ice,light,phys) VALUES(343,'resist','weak','-','-','weak','resist','-','-'); 
INSERT INTO Demons (demon_id,race,lvl,name,ag,dx,hp,lu,ma,mp,st) VALUES(344,'Night',45,'Succubus',47,42,303,56,71,251,32); INSERT INTO Affinities (demon_id,ailment,almighty,auxilary,dark,elec,fire,theforce,gun,ice,light,phys,recovery) VALUES(344,4,0,1,0,0,-2,0,-4,2,-3,0,1); INSERT INTO Resistances (demon_id,dark,elec,fire,theforce,gun,ice,light,phys) VALUES(344,'-','-','resist','-','weak','null','weak','-'); 
INSERT INTO Demons (demon_id,race,lvl,name,ag,dx,hp,lu,ma,mp,st) VALUES(345,'Jirae',3,'Sudama',10,8,84,9,10,40,8); INSERT INTO Affinities (demon_id,ailment,almighty,auxilary,dark,elec,fire,theforce,gun,ice,light,phys,recovery) VALUES(345,1,0,-1,0,1,-3,0,0,-3,0,0,0); INSERT INTO Resistances (demon_id,dark,elec,fire,theforce,gun,ice,light,phys) VALUES(345,'-','resist','weak','-','-','weak','-','-'); 
INSERT INTO Demons (demon_id,race,lvl,name,ag,dx,hp,lu,ma,mp,st) VALUES(346,'Brute',54,'Sui-Ki',55,49,333,71,83,322,30); INSERT INTO Affinities (demon_id,ailment,almighty,auxilary,dark,elec,fire,theforce,gun,ice,light,phys,recovery) VALUES(346,0,0,1,0,0,-5,0,0,4,0,2,-3); INSERT INTO Resistances (demon_id,dark,elec,fire,theforce,gun,ice,light,phys) VALUES(346,'-','-','weak','-','-','null','-','-'); 
INSERT INTO Demons (demon_id,race,lvl,name,ag,dx,hp,lu,ma,mp,st) VALUES(347,'Kunitsu',34,'Sukuna-Hikona',46,44,351,56,55,188,52); INSERT INTO Affinities (demon_id,ailment,almighty,auxilary,dark,elec,fire,theforce,gun,ice,light,phys,recovery) VALUES(347,1,0,1,0,-1,0,4,0,4,0,2,0); INSERT INTO Resistances (demon_id,dark,elec,fire,theforce,gun,ice,light,phys) VALUES(347,'resist','weak','-','-','-','resist','resist','-'); 
INSERT INTO Demons (demon_id,race,lvl,name,ag,dx,hp,lu,ma,mp,st) VALUES(348,'Avian',15,'Suparna',27,24,170,24,17,96,22); INSERT INTO Affinities (demon_id,ailment,almighty,auxilary,dark,elec,fire,theforce,gun,ice,light,phys,recovery) VALUES(348,0,0,1,-3,1,0,0,0,0,0,0,1); INSERT INTO Resistances (demon_id,dark,elec,fire,theforce,gun,ice,light,phys) VALUES(348,'weak','resist','-','-','weak','-','resist','-'); 
INSERT INTO Demons (demon_id,race,lvl,name,ag,dx,hp,lu,ma,mp,st) VALUES(349,'Tyrant',81,'Surt',61,79,756,91,94,309,120); INSERT INTO Affinities (demon_id,ailment,almighty,auxilary,dark,elec,fire,theforce,gun,ice,light,phys,recovery) VALUES(349,0,0,0,0,0,7,0,0,-7,0,4,0); INSERT INTO Resistances (demon_id,dark,elec,fire,theforce,gun,ice,light,phys) VALUES(349,'-','-','absorb','-','-','weak','-','-'); 
INSERT INTO Demons (demon_id,race,lvl,name,ag,dx,hp,lu,ma,mp,st) VALUES(350,'Fury',84,'Susano-o',79,82,870,96,69,200,132); INSERT INTO Affinities (demon_id,ailment,almighty,auxilary,dark,elec,fire,theforce,gun,ice,light,phys,recovery) VALUES(350,-5,0,1,0,-3,-3,5,0,-3,0,6,-4); INSERT INTO Resistances (demon_id,dark,elec,fire,theforce,gun,ice,light,phys) VALUES(350,'-','-','weak','absorb','-','-','-','resist'); 
INSERT INTO Demons (demon_id,race,lvl,name,ag,dx,hp,lu,ma,mp,st) VALUES(351,'Element',28,'Sylph',44,38,267,46,27,161,31); INSERT INTO Affinities (demon_id,ailment,almighty,auxilary,dark,elec,fire,theforce,gun,ice,light,phys,recovery) VALUES(351,1,0,0,0,-5,0,4,0,0,0,0,0); INSERT INTO Resistances (demon_id,dark,elec,fire,theforce,gun,ice,light,phys) VALUES(351,'-','null','-','-','-','-','-','-'); 
INSERT INTO Demons (demon_id,race,lvl,name,ag,dx,hp,lu,ma,mp,st) VALUES(352,'Amatsu',55,'Take-Mikazuchi',74,53,608,64,38,214,97); INSERT INTO Affinities (demon_id,ailment,almighty,auxilary,dark,elec,fire,theforce,gun,ice,light,phys,recovery) VALUES(352,0,0,0,0,4,0,-5,0,0,0,3,0); INSERT INTO Resistances (demon_id,dark,elec,fire,theforce,gun,ice,light,phys) VALUES(352,'-','null','-','weak','-','-','resist','-'); 
INSERT INTO Demons (demon_id,race,lvl,name,ag,dx,hp,lu,ma,mp,st) VALUES(353,'Kunitsu',21,'Take-Minakata',29,24,282,29,18,78,41); INSERT INTO Affinities (demon_id,ailment,almighty,auxilary,dark,elec,fire,theforce,gun,ice,light,phys,recovery) VALUES(353,-1,0,0,0,1,-3,0,0,0,0,2,0); INSERT INTO Resistances (demon_id,dark,elec,fire,theforce,gun,ice,light,phys) VALUES(353,'-','resist','weak','-','-','-','-','-'); 
INSERT INTO Demons (demon_id,race,lvl,name,ag,dx,hp,lu,ma,mp,st) VALUES(354,'Genma',13,'Tam Lin',18,17,185,20,13,58,26); INSERT INTO Affinities (demon_id,ailment,almighty,auxilary,dark,elec,fire,theforce,gun,ice,light,phys,recovery) VALUES(354,-1,0,0,-2,0,0,0,2,0,1,3,0); INSERT INTO Resistances (demon_id,dark,elec,fire,theforce,gun,ice,light,phys) VALUES(354,'weak','-','-','-','-','-','resist','-'); 
INSERT INTO Demons (demon_id,race,lvl,name,ag,dx,hp,lu,ma,mp,st) VALUES(355,'Flight',22,'Tangata Manu',36,37,239,23,19,90,25); INSERT INTO Affinities (demon_id,ailment,almighty,auxilary,dark,elec,fire,theforce,gun,ice,light,phys,recovery) VALUES(355,2,0,3,0,-3,0,1,0,0,0,0,0); INSERT INTO Resistances (demon_id,dark,elec,fire,theforce,gun,ice,light,phys) VALUES(355,'weak','weak','-','resist','weak','-','-','-'); 
INSERT INTO Demons (demon_id,race,lvl,name,ag,dx,hp,lu,ma,mp,st) VALUES(356,'Vile',58,'Taotie',63,68,469,61,64,214,64); INSERT INTO Affinities (demon_id,ailment,almighty,auxilary,dark,elec,fire,theforce,gun,ice,light,phys,recovery) VALUES(356,0,0,0,0,-3,-3,-3,0,-3,0,3,0); INSERT INTO Resistances (demon_id,dark,elec,fire,theforce,gun,ice,light,phys) VALUES(356,'resist','weak','weak','weak','null','weak','-','-'); 
INSERT INTO Demons (demon_id,race,lvl,name,ag,dx,hp,lu,ma,mp,st) VALUES(357,'Wilder',64,'Taowu',91,64,572,81,77,257,79); INSERT INTO Affinities (demon_id,ailment,almighty,auxilary,dark,elec,fire,theforce,gun,ice,light,phys,recovery) VALUES(357,2,0,0,0,3,0,-5,0,0,0,2,0); INSERT INTO Resistances (demon_id,dark,elec,fire,theforce,gun,ice,light,phys) VALUES(357,'-','repel','-','weak','-','-','-','-'); 
INSERT INTO Demons (demon_id,race,lvl,name,ag,dx,hp,lu,ma,mp,st) VALUES(358,'Femme',59,'Taraka',63,54,586,69,39,166,83); INSERT INTO Affinities (demon_id,ailment,almighty,auxilary,dark,elec,fire,theforce,gun,ice,light,phys,recovery) VALUES(358,1,0,0,0,2,0,0,-4,0,0,3,-2); INSERT INTO Resistances (demon_id,dark,elec,fire,theforce,gun,ice,light,phys) VALUES(358,'-','null','-','-','weak','-','-','-'); 
INSERT INTO Demons (demon_id,race,lvl,name,ag,dx,hp,lu,ma,mp,st) VALUES(359,'Foul',27,'Tattooed Man',25,29,303,40,21,93,45); INSERT INTO Affinities (demon_id,ailment,almighty,auxilary,dark,elec,fire,theforce,gun,ice,light,phys,recovery) VALUES(359,0,0,0,-3,0,0,0,-4,0,0,3,0); INSERT INTO Resistances (demon_id,dark,elec,fire,theforce,gun,ice,light,phys) VALUES(359,'weak','-','-','-','weak','-','-','-'); 
INSERT INTO Demons (demon_id,race,lvl,name,ag,dx,hp,lu,ma,mp,st) VALUES(360,'Famed',77,'Tenkai',78,67,482,91,115,398,51); INSERT INTO Affinities (demon_id,ailment,almighty,auxilary,dark,elec,fire,theforce,gun,ice,light,phys,recovery) VALUES(360,0,0,1,0,0,0,0,-4,0,3,5,0); INSERT INTO Resistances (demon_id,dark,elec,fire,theforce,gun,ice,light,phys) VALUES(360,'-','-','-','-','weak','-','-','resist'); 
INSERT INTO Demons (demon_id,race,lvl,name,ag,dx,hp,lu,ma,mp,st) VALUES(361,'Zealot',82,'Tezcatlipoca',115,73,460,90,124,410,49); INSERT INTO Affinities (demon_id,ailment,almighty,auxilary,dark,elec,fire,theforce,gun,ice,light,phys,recovery) VALUES(361,0,0,0,0,-3,5,4,0,-3,0,3,0); INSERT INTO Resistances (demon_id,dark,elec,fire,theforce,gun,ice,light,phys) VALUES(361,'-','resist','resist','null','-','weak','-','-'); 
INSERT INTO Demons (demon_id,race,lvl,name,ag,dx,hp,lu,ma,mp,st) VALUES(362,'Kishin',80,'Thor',78,74,746,91,53,227,120); INSERT INTO Affinities (demon_id,ailment,almighty,auxilary,dark,elec,fire,theforce,gun,ice,light,phys,recovery) VALUES(362,0,0,1,0,6,-3,-3,0,-3,0,4,-3); INSERT INTO Resistances (demon_id,dark,elec,fire,theforce,gun,ice,light,phys) VALUES(362,'-','absorb','null','weak','-','-','resist','resist'); 
INSERT INTO Demons (demon_id,race,lvl,name,ag,dx,hp,lu,ma,mp,st) VALUES(363,'Deity',30,'Thoth',33,30,249,40,57,203,28); INSERT INTO Affinities (demon_id,ailment,almighty,auxilary,dark,elec,fire,theforce,gun,ice,light,phys,recovery) VALUES(363,0,1,-2,-3,0,0,0,-4,0,2,0,0); INSERT INTO Resistances (demon_id,dark,elec,fire,theforce,gun,ice,light,phys) VALUES(363,'weak','-','resist','-','weak','resist','-','-'); 
INSERT INTO Demons (demon_id,race,lvl,name,ag,dx,hp,lu,ma,mp,st) VALUES(364,'Divine',62,'Throne',74,68,517,68,65,256,60); INSERT INTO Affinities (demon_id,ailment,almighty,auxilary,dark,elec,fire,theforce,gun,ice,light,phys,recovery) VALUES(364,0,0,0,-7,0,4,0,0,-5,4,0,0); INSERT INTO Resistances (demon_id,dark,elec,fire,theforce,gun,ice,light,phys) VALUES(364,'weak','-','null','-','-','weak','null','-'); 
INSERT INTO Demons (demon_id,race,lvl,name,ag,dx,hp,lu,ma,mp,st) VALUES(365,'Avian',42,'Thunderbird',77,46,340,45,68,230,28); INSERT INTO Affinities (demon_id,ailment,almighty,auxilary,dark,elec,fire,theforce,gun,ice,light,phys,recovery) VALUES(365,0,0,0,0,4,0,-4,-3,0,0,0,0); INSERT INTO Resistances (demon_id,dark,elec,fire,theforce,gun,ice,light,phys) VALUES(365,'-','null','-','-','weak','-','-','-'); 
INSERT INTO Demons (demon_id,race,lvl,name,ag,dx,hp,lu,ma,mp,st) VALUES(366,'Drake',55,'Tiamat',56,50,359,67,85,296,38); INSERT INTO Affinities (demon_id,ailment,almighty,auxilary,dark,elec,fire,theforce,gun,ice,light,phys,recovery) VALUES(366,0,1,0,0,-3,0,0,0,2,0,0,0); INSERT INTO Resistances (demon_id,dark,elec,fire,theforce,gun,ice,light,phys) VALUES(366,'resist','weak','null','-','-','null','weak','-'); 
INSERT INTO Demons (demon_id,race,lvl,name,ag,dx,hp,lu,ma,mp,st) VALUES(367,'Jirae',37,'Titan',39,37,387,45,27,119,59); INSERT INTO Affinities (demon_id,ailment,almighty,auxilary,dark,elec,fire,theforce,gun,ice,light,phys,recovery) VALUES(367,-6,0,1,0,0,0,0,0,0,0,3,0); INSERT INTO Resistances (demon_id,dark,elec,fire,theforce,gun,ice,light,phys) VALUES(367,'-','-','-','-','-','-','-','resist'); 
INSERT INTO Demons (demon_id,race,lvl,name,ag,dx,hp,lu,ma,mp,st) VALUES(368,'Fairy',70,'Titania',66,45,473,93,119,426,42); INSERT INTO Affinities (demon_id,ailment,almighty,auxilary,dark,elec,fire,theforce,gun,ice,light,phys,recovery) VALUES(368,2,0,1,0,3,0,0,-4,0,0,0,3); INSERT INTO Resistances (demon_id,dark,elec,fire,theforce,gun,ice,light,phys) VALUES(368,'-','resist','resist','resist','weak','resist','-','-'); 
INSERT INTO Demons (demon_id,race,lvl,name,ag,dx,hp,lu,ma,mp,st) VALUES(369,'Genma',39,'Tlaloc',41,37,269,50,62,224,29); INSERT INTO Affinities (demon_id,ailment,almighty,auxilary,dark,elec,fire,theforce,gun,ice,light,phys,recovery) VALUES(369,0,0,0,0,2,-3,-5,0,2,0,0,0); INSERT INTO Resistances (demon_id,dark,elec,fire,theforce,gun,ice,light,phys) VALUES(369,'-','null','weak','weak','-','resist','-','-'); 
INSERT INTO Demons (demon_id,race,lvl,name,ag,dx,hp,lu,ma,mp,st) VALUES(370,'Jirae',46,'Tlaltecuhtli',52,46,408,58,83,276,35); INSERT INTO Affinities (demon_id,ailment,almighty,auxilary,dark,elec,fire,theforce,gun,ice,light,phys,recovery) VALUES(370,0,1,0,-2,2,2,-2,0,-2,-2,0,0); INSERT INTO Resistances (demon_id,dark,elec,fire,theforce,gun,ice,light,phys) VALUES(370,'-','null','-','-','-','weak','-','resist'); 
INSERT INTO Demons (demon_id,race,lvl,name,ag,dx,hp,lu,ma,mp,st) VALUES(371,'Megami',57,'Tlazolteotl',51,60,315,72,78,306,54); INSERT INTO Affinities (demon_id,ailment,almighty,auxilary,dark,elec,fire,theforce,gun,ice,light,phys,recovery) VALUES(371,1,0,0,0,0,-2,0,0,3,0,0,3); INSERT INTO Resistances (demon_id,dark,elec,fire,theforce,gun,ice,light,phys) VALUES(371,'-','-','weak','-','-','absorb','resist','-'); 
INSERT INTO Demons (demon_id,race,lvl,name,ag,dx,hp,lu,ma,mp,st) VALUES(372,'Famed',80,'Tokisada',78,70,499,95,120,411,53); INSERT INTO Affinities (demon_id,ailment,almighty,auxilary,dark,elec,fire,theforce,gun,ice,light,phys,recovery) VALUES(372,0,0,2,-3,0,0,0,-3,0,4,0,0); INSERT INTO Resistances (demon_id,dark,elec,fire,theforce,gun,ice,light,phys) VALUES(372,'-','resist','-','resist','weak','-','-','-'); 
INSERT INTO Demons (demon_id,race,lvl,name,ag,dx,hp,lu,ma,mp,st) VALUES(373,'Fury',37,'Tonatiuh',45,48,372,43,43,148,50); INSERT INTO Affinities (demon_id,ailment,almighty,auxilary,dark,elec,fire,theforce,gun,ice,light,phys,recovery) VALUES(373,0,0,1,0,0,0,0,0,-3,0,2,-2); INSERT INTO Resistances (demon_id,dark,elec,fire,theforce,gun,ice,light,phys) VALUES(373,'resist','-','resist','-','-','weak','-','-'); 
INSERT INTO Demons (demon_id,race,lvl,name,ag,dx,hp,lu,ma,mp,st) VALUES(374,'Drake',14,'Toubyou',19,22,161,18,20,75,21); INSERT INTO Affinities (demon_id,ailment,almighty,auxilary,dark,elec,fire,theforce,gun,ice,light,phys,recovery) VALUES(374,3,0,0,0,2,0,0,0,-3,0,0,0); INSERT INTO Resistances (demon_id,dark,elec,fire,theforce,gun,ice,light,phys) VALUES(374,'-','-','-','-','-','weak','weak','-'); 
INSERT INTO Demons (demon_id,race,lvl,name,ag,dx,hp,lu,ma,mp,st) VALUES(375,'Fiend',97,'Trumpeter',116,103,624,115,158,549,73); INSERT INTO Affinities (demon_id,ailment,almighty,auxilary,dark,elec,fire,theforce,gun,ice,light,phys,recovery) VALUES(375,3,5,1,4,0,0,0,3,0,4,-8,0); INSERT INTO Resistances (demon_id,dark,elec,fire,theforce,gun,ice,light,phys) VALUES(375,'resist','resist','resist','resist','weak','resist','resist','-'); 
INSERT INTO Demons (demon_id,race,lvl,name,ag,dx,hp,lu,ma,mp,st) VALUES(376,'Jirae',31,'Tsuchigumo',35,37,280,37,38,129,38); INSERT INTO Affinities (demon_id,ailment,almighty,auxilary,dark,elec,fire,theforce,gun,ice,light,phys,recovery) VALUES(376,1,0,-2,0,3,0,0,1,-3,0,0,1); INSERT INTO Resistances (demon_id,dark,elec,fire,theforce,gun,ice,light,phys) VALUES(376,'-','resist','-','-','-','weak','-','-'); 
INSERT INTO Demons (demon_id,race,lvl,name,ag,dx,hp,lu,ma,mp,st) VALUES(377,'Flight',30,'Tuofei',46,33,260,41,28,169,33); INSERT INTO Affinities (demon_id,ailment,almighty,auxilary,dark,elec,fire,theforce,gun,ice,light,phys,recovery) VALUES(377,0,0,0,0,0,0,0,-4,2,-2,0,2); INSERT INTO Resistances (demon_id,dark,elec,fire,theforce,gun,ice,light,phys) VALUES(377,'weak','repel','-','-','weak','-','-','-'); 
INSERT INTO Demons (demon_id,race,lvl,name,ag,dx,hp,lu,ma,mp,st) VALUES(378,'Tyrant',75,'Tzitzimitl',74,66,647,89,113,372,50); INSERT INTO Affinities (demon_id,ailment,almighty,auxilary,dark,elec,fire,theforce,gun,ice,light,phys,recovery) VALUES(378,0,0,2,0,0,0,0,-2,3,0,-2,0); INSERT INTO Resistances (demon_id,dark,elec,fire,theforce,gun,ice,light,phys) VALUES(378,'resist','-','-','-','-','-','resist','-'); 
INSERT INTO Demons (demon_id,race,lvl,name,ag,dx,hp,lu,ma,mp,st) VALUES(379,'Vermin',21,'Ubu',29,40,201,25,20,88,24); INSERT INTO Affinities (demon_id,ailment,almighty,auxilary,dark,elec,fire,theforce,gun,ice,light,phys,recovery) VALUES(379,3,0,0,0,0,0,0,1,0,-3,0,0); INSERT INTO Resistances (demon_id,dark,elec,fire,theforce,gun,ice,light,phys) VALUES(379,'-','-','-','weak','resist','-','weak','-'); 
INSERT INTO Demons (demon_id,race,lvl,name,ag,dx,hp,lu,ma,mp,st) VALUES(380,'Avatar',53,'Ukano Mitama',83,34,615,73,24,350,34); INSERT INTO Affinities (demon_id,ailment,almighty,auxilary,dark,elec,fire,theforce,gun,ice,light,phys,recovery) VALUES(380,0,0,0,0,0,0,0,0,-3,0,0,3); INSERT INTO Resistances (demon_id,dark,elec,fire,theforce,gun,ice,light,phys) VALUES(380,'weak','null','-','-','-','weak','null','-'); 
INSERT INTO Demons (demon_id,race,lvl,name,ag,dx,hp,lu,ma,mp,st) VALUES(381,'Element',32,'Undine',41,31,300,37,52,192,24); INSERT INTO Affinities (demon_id,ailment,almighty,auxilary,dark,elec,fire,theforce,gun,ice,light,phys,recovery) VALUES(381,0,0,0,0,0,-7,0,0,5,0,0,0); INSERT INTO Resistances (demon_id,dark,elec,fire,theforce,gun,ice,light,phys) VALUES(381,'-','-','weak','-','-','null','-','-'); 
INSERT INTO Demons (demon_id,race,lvl,name,ag,dx,hp,lu,ma,mp,st) VALUES(382,'Yoma',43,'Valkyrie',45,53,367,52,31,133,68); INSERT INTO Affinities (demon_id,ailment,almighty,auxilary,dark,elec,fire,theforce,gun,ice,light,phys,recovery) VALUES(382,0,0,0,0,-3,0,0,2,0,0,3,0); INSERT INTO Resistances (demon_id,dark,elec,fire,theforce,gun,ice,light,phys) VALUES(382,'-','weak','-','resist','resist','-','-','resist'); 
INSERT INTO Demons (demon_id,race,lvl,name,ag,dx,hp,lu,ma,mp,st) VALUES(383,'Drake',88,'Vasuki',109,92,619,82,118,318,102); INSERT INTO Affinities (demon_id,ailment,almighty,auxilary,dark,elec,fire,theforce,gun,ice,light,phys,recovery) VALUES(383,5,0,-4,0,0,-5,0,0,4,0,0,0); INSERT INTO Resistances (demon_id,dark,elec,fire,theforce,gun,ice,light,phys) VALUES(383,'resist','-','weak','-','-','absorb','-','-'); 
INSERT INTO Demons (demon_id,race,lvl,name,ag,dx,hp,lu,ma,mp,st) VALUES(384,'Ghost',74,'Vetala',70,87,581,68,86,264,89); INSERT INTO Affinities (demon_id,ailment,almighty,auxilary,dark,elec,fire,theforce,gun,ice,light,phys,recovery) VALUES(384,-1,0,3,3,0,-3,0,0,0,-3,2,-3); INSERT INTO Resistances (demon_id,dark,elec,fire,theforce,gun,ice,light,phys) VALUES(384,'null','-','weak','-','-','-','weak','-'); 
INSERT INTO Demons (demon_id,race,lvl,name,ag,dx,hp,lu,ma,mp,st) VALUES(385,'Herald',61,'Victor',74,93,559,64,55,231,58); INSERT INTO Affinities (demon_id,ailment,almighty,auxilary,dark,elec,fire,theforce,gun,ice,light,phys,recovery) VALUES(385,0,0,0,1,-3,0,0,2,0,4,0,0); INSERT INTO Resistances (demon_id,dark,elec,fire,theforce,gun,ice,light,phys) VALUES(385,'weak','weak','-','resist','null','-','null','-'); 
INSERT INTO Demons (demon_id,race,lvl,name,ag,dx,hp,lu,ma,mp,st) VALUES(386,'Avian',34,'Vidofnir',47,38,261,44,55,231,26); INSERT INTO Affinities (demon_id,ailment,almighty,auxilary,dark,elec,fire,theforce,gun,ice,light,phys,recovery) VALUES(386,0,0,0,0,2,0,-1,-4,0,0,1,0); INSERT INTO Resistances (demon_id,dark,elec,fire,theforce,gun,ice,light,phys) VALUES(386,'weak','-','-','-','weak','-','resist','-'); 
INSERT INTO Demons (demon_id,race,lvl,name,ag,dx,hp,lu,ma,mp,st) VALUES(387,'Divine',41,'Virtue',53,39,310,62,69,262,30); INSERT INTO Affinities (demon_id,ailment,almighty,auxilary,dark,elec,fire,theforce,gun,ice,light,phys,recovery) VALUES(387,0,0,0,-5,-5,0,-3,0,0,3,0,1); INSERT INTO Resistances (demon_id,dark,elec,fire,theforce,gun,ice,light,phys) VALUES(387,'weak','weak','-','null','-','-','null','-'); 
INSERT INTO Demons (demon_id,race,lvl,name,ag,dx,hp,lu,ma,mp,st) VALUES(388,'Fairy',52,'Vivian',49,47,382,64,82,303,36); INSERT INTO Affinities (demon_id,ailment,almighty,auxilary,dark,elec,fire,theforce,gun,ice,light,phys,recovery) VALUES(388,0,0,2,-5,0,-6,0,0,3,2,0,0); INSERT INTO Resistances (demon_id,dark,elec,fire,theforce,gun,ice,light,phys) VALUES(388,'weak','-','weak','-','-','null','null','-'); 
INSERT INTO Demons (demon_id,race,lvl,name,ag,dx,hp,lu,ma,mp,st) VALUES(389,'Yoma',8,'Vodyanik',13,12,96,16,19,82,10); INSERT INTO Affinities (demon_id,ailment,almighty,auxilary,dark,elec,fire,theforce,gun,ice,light,phys,recovery) VALUES(389,0,0,-1,0,1,-1,-3,0,0,0,0,0); INSERT INTO Resistances (demon_id,dark,elec,fire,theforce,gun,ice,light,phys) VALUES(389,'-','resist','-','weak','-','-','-','-'); 
INSERT INTO Demons (demon_id,race,lvl,name,ag,dx,hp,lu,ma,mp,st) VALUES(390,'Snake',28,'Vouivre',44,26,247,39,27,111,38); INSERT INTO Affinities (demon_id,ailment,almighty,auxilary,dark,elec,fire,theforce,gun,ice,light,phys,recovery) VALUES(390,3,0,0,0,3,0,0,-4,-3,0,0,0); INSERT INTO Resistances (demon_id,dark,elec,fire,theforce,gun,ice,light,phys) VALUES(390,'-','resist','-','-','weak','weak','-','-'); 
INSERT INTO Demons (demon_id,race,lvl,name,ag,dx,hp,lu,ma,mp,st) VALUES(391,'Jaki',30,'Wendigo',33,27,328,33,38,61,45); INSERT INTO Affinities (demon_id,ailment,almighty,auxilary,dark,elec,fire,theforce,gun,ice,light,phys,recovery) VALUES(391,1,0,0,0,0,-3,0,0,4,0,3,-2); INSERT INTO Resistances (demon_id,dark,elec,fire,theforce,gun,ice,light,phys) VALUES(391,'-','-','weak','-','-','resist','-','-'); 
INSERT INTO Demons (demon_id,race,lvl,name,ag,dx,hp,lu,ma,mp,st) VALUES(392,'Fiend',89,'White Rider',116,145,770,104,86,302,93); INSERT INTO Affinities (demon_id,ailment,almighty,auxilary,dark,elec,fire,theforce,gun,ice,light,phys,recovery) VALUES(392,0,3,0,0,6,0,-5,6,0,6,-3,0); INSERT INTO Resistances (demon_id,dark,elec,fire,theforce,gun,ice,light,phys) VALUES(392,'resist','absorb','-','weak','-','-','resist','-'); 
INSERT INTO Demons (demon_id,race,lvl,name,ag,dx,hp,lu,ma,mp,st) VALUES(393,'Spirit',38,'Wicker Man',44,44,329,42,43,151,47); INSERT INTO Affinities (demon_id,ailment,almighty,auxilary,dark,elec,fire,theforce,gun,ice,light,phys,recovery) VALUES(393,3,0,0,0,-3,-3,2,0,0,-2,0,-2); INSERT INTO Resistances (demon_id,dark,elec,fire,theforce,gun,ice,light,phys) VALUES(393,'resist','weak','weak','-','-','-','weak','-'); 
INSERT INTO Demons (demon_id,race,lvl,name,ag,dx,hp,lu,ma,mp,st) VALUES(394,'Night',53,'Wild Hunt',58,82,478,54,43,209,51); INSERT INTO Affinities (demon_id,ailment,almighty,auxilary,dark,elec,fire,theforce,gun,ice,light,phys,recovery) VALUES(394,0,0,0,1,0,0,0,3,0,-3,0,0); INSERT INTO Resistances (demon_id,dark,elec,fire,theforce,gun,ice,light,phys) VALUES(394,'resist','-','-','-','-','-','weak','-'); 
INSERT INTO Demons (demon_id,race,lvl,name,ag,dx,hp,lu,ma,mp,st) VALUES(395,'Fury',57,'Wu Kong',59,64,675,69,41,179,103); INSERT INTO Affinities (demon_id,ailment,almighty,auxilary,dark,elec,fire,theforce,gun,ice,light,phys,recovery) VALUES(395,0,0,1,0,-3,0,0,0,-3,0,4,-3); INSERT INTO Resistances (demon_id,dark,elec,fire,theforce,gun,ice,light,phys) VALUES(395,'weak','weak','resist','resist','-','-','resist','resist'); 
INSERT INTO Demons (demon_id,race,lvl,name,ag,dx,hp,lu,ma,mp,st) VALUES(396,'Lady',79,'Xi Wangmu',77,65,543,102,123,436,48); INSERT INTO Affinities (demon_id,ailment,almighty,auxilary,dark,elec,fire,theforce,gun,ice,light,phys,recovery) VALUES(396,3,0,4,0,0,0,0,3,0,0,0,-3); INSERT INTO Resistances (demon_id,dark,elec,fire,theforce,gun,ice,light,phys) VALUES(396,'-','-','-','-','null','-','resist','-'); 
INSERT INTO Demons (demon_id,race,lvl,name,ag,dx,hp,lu,ma,mp,st) VALUES(397,'Yoma',48,'Xiuhtecuhtli',38,34,420,55,75,264,54); INSERT INTO Affinities (demon_id,ailment,almighty,auxilary,dark,elec,fire,theforce,gun,ice,light,phys,recovery) VALUES(397,-4,0,-3,0,0,5,0,2,-6,0,0,0); INSERT INTO Resistances (demon_id,dark,elec,fire,theforce,gun,ice,light,phys) VALUES(397,'-','-','null','-','null','weak','-','-'); 
INSERT INTO Demons (demon_id,race,lvl,name,ag,dx,hp,lu,ma,mp,st) VALUES(398,'Brute',71,'Yaksha',80,74,560,73,89,255,78); INSERT INTO Affinities (demon_id,ailment,almighty,auxilary,dark,elec,fire,theforce,gun,ice,light,phys,recovery) VALUES(398,2,0,2,0,0,-2,-3,0,3,0,0,1); INSERT INTO Resistances (demon_id,dark,elec,fire,theforce,gun,ice,light,phys) VALUES(398,'-','-','-','weak','-','repel','-','resist'); 
INSERT INTO Demons (demon_id,race,lvl,name,ag,dx,hp,lu,ma,mp,st) VALUES(399,'Brute',32,'Yamawaro',32,31,415,40,22,106,52); INSERT INTO Affinities (demon_id,ailment,almighty,auxilary,dark,elec,fire,theforce,gun,ice,light,phys,recovery) VALUES(399,-3,0,1,-3,0,0,0,0,0,-3,2,-2); INSERT INTO Resistances (demon_id,dark,elec,fire,theforce,gun,ice,light,phys) VALUES(399,'weak','-','-','-','-','resist','weak','resist'); 
INSERT INTO Demons (demon_id,race,lvl,name,ag,dx,hp,lu,ma,mp,st) VALUES(400,'Avian',52,'Yatagarasu',81,62,504,68,62,225,68); INSERT INTO Affinities (demon_id,ailment,almighty,auxilary,dark,elec,fire,theforce,gun,ice,light,phys,recovery) VALUES(400,0,0,0,0,0,3,0,3,-5,0,0,0); INSERT INTO Resistances (demon_id,dark,elec,fire,theforce,gun,ice,light,phys) VALUES(400,'-','-','absorb','-','weak','weak','null','-'); 
INSERT INTO Demons (demon_id,race,lvl,name,ag,dx,hp,lu,ma,mp,st) VALUES(401,'Tree',65,'Yggdrasil',72,100,600,79,48,263,71); INSERT INTO Affinities (demon_id,ailment,almighty,auxilary,dark,elec,fire,theforce,gun,ice,light,phys,recovery) VALUES(401,1,0,2,0,0,-4,0,3,0,0,0,0); INSERT INTO Resistances (demon_id,dark,elec,fire,theforce,gun,ice,light,phys) VALUES(401,'-','-','weak','-','null','-','-','-'); 
INSERT INTO Demons (demon_id,race,lvl,name,ag,dx,hp,lu,ma,mp,st) VALUES(402,'Drake',65,'Ym',65,58,515,78,99,343,44); INSERT INTO Affinities (demon_id,ailment,almighty,auxilary,dark,elec,fire,theforce,gun,ice,light,phys,recovery) VALUES(402,-1,0,1,0,-3,-4,0,0,4,0,0,0); INSERT INTO Resistances (demon_id,dark,elec,fire,theforce,gun,ice,light,phys) VALUES(402,'resist','weak','-','-','-','absorb','-','-'); 
INSERT INTO Demons (demon_id,race,lvl,name,ag,dx,hp,lu,ma,mp,st) VALUES(403,'Brute',37,'Yomotsu-Ikusa',45,62,325,39,31,164,37); INSERT INTO Affinities (demon_id,ailment,almighty,auxilary,dark,elec,fire,theforce,gun,ice,light,phys,recovery) VALUES(403,-2,0,0,0,0,0,0,3,0,-3,2,-2); INSERT INTO Resistances (demon_id,dark,elec,fire,theforce,gun,ice,light,phys) VALUES(403,'resist','-','-','weak','-','-','weak','-'); 
INSERT INTO Demons (demon_id,race,lvl,name,ag,dx,hp,lu,ma,mp,st) VALUES(404,'Famed',36,'Yoshitsune',42,46,435,35,37,85,52); INSERT INTO Affinities (demon_id,ailment,almighty,auxilary,dark,elec,fire,theforce,gun,ice,light,phys,recovery) VALUES(404,0,0,0,0,0,0,0,0,0,0,3,1); INSERT INTO Resistances (demon_id,dark,elec,fire,theforce,gun,ice,light,phys) VALUES(404,'-','-','-','-','-','-','-','resist'); 
INSERT INTO Demons (demon_id,race,lvl,name,ag,dx,hp,lu,ma,mp,st) VALUES(405,'Femme',30,'Yuki Jyorou',33,30,199,40,53,183,23); INSERT INTO Affinities (demon_id,ailment,almighty,auxilary,dark,elec,fire,theforce,gun,ice,light,phys,recovery) VALUES(405,0,0,0,2,0,-5,0,0,4,0,-2,0); INSERT INTO Resistances (demon_id,dark,elec,fire,theforce,gun,ice,light,phys) VALUES(405,'-','-','weak','-','-','resist','-','-'); 
INSERT INTO Demons (demon_id,race,lvl,name,ag,dx,hp,lu,ma,mp,st) VALUES(406,'Snake',29,'Yurlungur',37,48,293,32,26,110,31); INSERT INTO Affinities (demon_id,ailment,almighty,auxilary,dark,elec,fire,theforce,gun,ice,light,phys,recovery) VALUES(406,0,0,0,0,0,-5,0,2,2,0,0,0); INSERT INTO Resistances (demon_id,dark,elec,fire,theforce,gun,ice,light,phys) VALUES(406,'weak','resist','weak','-','-','null','-','-'); 
INSERT INTO Demons (demon_id,race,lvl,name,ag,dx,hp,lu,ma,mp,st) VALUES(407,'Wood',41,'Zaccoum',47,39,280,52,65,232,30); INSERT INTO Affinities (demon_id,ailment,almighty,auxilary,dark,elec,fire,theforce,gun,ice,light,phys,recovery) VALUES(407,4,0,1,0,0,-1,-2,0,2,0,0,0); INSERT INTO Resistances (demon_id,dark,elec,fire,theforce,gun,ice,light,phys) VALUES(407,'resist','-','-','weak','-','null','weak','-'); 
INSERT INTO Demons (demon_id,race,lvl,name,ag,dx,hp,lu,ma,mp,st) VALUES(408,'Raptor',31,'Zhen',48,34,266,43,29,142,34); INSERT INTO Affinities (demon_id,ailment,almighty,auxilary,dark,elec,fire,theforce,gun,ice,light,phys,recovery) VALUES(408,6,0,1,0,0,0,0,-4,0,0,0,0); INSERT INTO Resistances (demon_id,dark,elec,fire,theforce,gun,ice,light,phys) VALUES(408,'-','-','-','resist','weak','-','-','-'); 
INSERT INTO Demons (demon_id,race,lvl,name,ag,dx,hp,lu,ma,mp,st) VALUES(409,'Kishin',50,'Zhong Kui',52,50,596,74,38,182,85); INSERT INTO Affinities (demon_id,ailment,almighty,auxilary,dark,elec,fire,theforce,gun,ice,light,phys,recovery) VALUES(409,2,0,2,0,0,0,-3,0,0,1,3,-2); INSERT INTO Resistances (demon_id,dark,elec,fire,theforce,gun,ice,light,phys) VALUES(409,'-','-','resist','weak','-','-','resist','-'); 
INSERT INTO Demons (demon_id,race,lvl,name,ag,dx,hp,lu,ma,mp,st) VALUES(410,'Drake',8,'Zhu Tun She',16,12,143,14,8,45,20); INSERT INTO Affinities (demon_id,ailment,almighty,auxilary,dark,elec,fire,theforce,gun,ice,light,phys,recovery) VALUES(410,0,0,-2,0,0,0,0,0,0,-3,1,0); INSERT INTO Resistances (demon_id,dark,elec,fire,theforce,gun,ice,light,phys) VALUES(410,'-','weak','-','-','resist','resist','weak','-'); 
INSERT INTO Demons (demon_id,race,lvl,name,ag,dx,hp,lu,ma,mp,st) VALUES(411,'Dragon',55,'Zhu Yin',43,38,628,70,58,196,79); INSERT INTO Affinities (demon_id,ailment,almighty,auxilary,dark,elec,fire,theforce,gun,ice,light,phys,recovery) VALUES(411,0,0,1,0,-2,-2,2,0,2,0,-7,0); INSERT INTO Resistances (demon_id,dark,elec,fire,theforce,gun,ice,light,phys) VALUES(411,'-','-','-','null','-','null','-','-'); 
INSERT INTO Demons (demon_id,race,lvl,name,ag,dx,hp,lu,ma,mp,st) VALUES(412,'Undead',17,'Zombie Cop',24,31,201,21,17,77,20); INSERT INTO Affinities (demon_id,ailment,almighty,auxilary,dark,elec,fire,theforce,gun,ice,light,phys,recovery) VALUES(412,5,0,0,2,0,-3,0,1,0,-3,0,-5); INSERT INTO Resistances (demon_id,dark,elec,fire,theforce,gun,ice,light,phys) VALUES(412,'null','-','weak','-','-','-','weak','-'); 
INSERT INTO Demons (demon_id,race,lvl,name,ag,dx,hp,lu,ma,mp,st) VALUES(413,'Kishin',55,'Zouchouten',56,35,429,52,95,336,78); INSERT INTO Affinities (demon_id,ailment,almighty,auxilary,dark,elec,fire,theforce,gun,ice,light,phys,recovery) VALUES(413,0,0,1,0,0,2,0,2,-5,0,2,-2); INSERT INTO Resistances (demon_id,dark,elec,fire,theforce,gun,ice,light,phys) VALUES(413,'-','-','null','-','-','weak','resist','-'); 